college_id,ranking_authority,ranking_year,overall_rank,overall_score,overall_total_score,parameter_id,parameter_score,rank_band
31153,2,2023,9,81.3,100,1,72.7,
31153,2,2022,10,81.9,100,1,76.1,
31153,2,2021,10,83,100,1,80.3,
31153,2,2020,11,78.8,100,1,66.5,
31153,2,2019,12,79.3,100,1,71.1,
31153,2,2023,9,81.3,100,2,33.6,
31153,2,2022,10,81.9,100,2,33.7,
31153,2,2021,10,83,100,2,35.6,
31153,2,2020,11,78.8,100,2,35,
31153,2,2019,12,79.3,100,2,35.4,
31153,2,2023,9,81.3,100,3,85.4,
31153,2,2022,10,81.9,100,3,83.5,
31153,2,2021,10,83,100,3,83.7,
31153,2,2020,11,78.8,100,3,80.9,
31153,2,2019,12,79.3,100,3,81.4,
31153,2,2023,9,81.3,100,4,87.5,
31153,2,2022,10,81.9,100,4,87.3,
31153,2,2021,10,83,100,4,87.5,
31153,2,2020,11,78.8,100,4,84.7,
31153,2,2019,12,79.3,100,4,85.8,
31153,2,2023,9,81.3,100,5,80.9,
31153,2,2022,10,81.9,100,5,81.7,
31153,2,2021,10,83,100,5,82.6,
31153,2,2020,11,78.8,100,5,80.4,
31153,2,2019,12,79.3,100,5,78.5,
31165,2,2023,78,51.7,100,1,64.4,
31165,2,2022,93,47.6,100,1,72.5,
31165,2,2021,73,52.3,100,1,65.3,
31165,2,2020,67,53.1,100,1,61.7,
31165,2,2019,87,47.8,100,1,57.3,
31165,2,2023,78,51.7,100,2,35.9,
31165,2,2022,93,47.6,100,2,36.3,
31165,2,2021,73,52.3,100,2,38.2,
31165,2,2020,67,53.1,100,2,37.2,
31165,2,2019,87,47.8,100,2,38.2,
31165,2,2023,78,51.7,100,3,61.3,
31165,2,2022,93,47.6,100,3,56.4,
31165,2,2021,73,52.3,100,3,56,
31165,2,2020,67,53.1,100,3,57.7,
31165,2,2019,87,47.8,100,3,54.7,
31165,2,2023,78,51.7,100,4,44.3,
31165,2,2022,93,47.6,100,4,42.4,
31165,2,2021,73,52.3,100,4,47.3,
31165,2,2020,67,53.1,100,4,49.7,
31165,2,2019,87,47.8,100,4,45.1,
31165,2,2023,78,51.7,100,5,53.1,
31165,2,2022,93,47.6,100,5,41.8,
31165,2,2021,73,52.3,100,5,52.3,
31165,2,2020,67,53.1,100,5,53.2,
31165,2,2019,87,47.8,100,5,46.1,
31258,2,2023,,43.6–46.7,100,1,59.4,101–125
31258,2,2022,,36.3–38.5,100,1,59,151–175
31258,2,2021,,33.6–35.9,100,1,64.6,176–200
31258,2,2020,,40.4–45.1,100,1,56.6,101–125
31258,2,2023,,43.6–46.7,100,2,34.1,101–125
31258,2,2022,,36.3–38.5,100,2,33.6,151–175
31258,2,2021,,33.6–35.9,100,2,35.3,176–200
31258,2,2020,,40.4–45.1,100,2,34.8,101–125
31258,2,2023,,43.6–46.7,100,3,67.2,101–125
31258,2,2022,,36.3–38.5,100,3,65.5,151–175
31258,2,2021,,33.6–35.9,100,3,67.3,176–200
31258,2,2020,,40.4–45.1,100,3,67.7,101–125
31258,2,2023,,43.6–46.7,100,4,40.3,101–125
31258,2,2022,,36.3–38.5,100,4,29.2,151–175
31258,2,2021,,33.6–35.9,100,4,27.5,176–200
31258,2,2020,,40.4–45.1,100,4,35.6,101–125
31258,2,2023,,43.6–46.7,100,5,36.7,101–125
31258,2,2022,,36.3–38.5,100,5,32.6,151–175
31258,2,2021,,33.6–35.9,100,5,24.7,176–200
31258,2,2020,,40.4–45.1,100,5,40.4,101–125
32658,2,2023,,40.0–43.5,100,1,80.5,126–150
32658,2,2022,,36.3–38.5,100,1,69.6,151–175
32658,2,2021,,36.0–38.3,100,1,53.6,151–175
32658,2,2020,,34.4–36.8,100,1,56.9,151–175
32658,2,2019,,35.5–38.1,100,1,86.2,151–175
32658,2,2023,,40.0–43.5,100,2,35.4,126–150
32658,2,2022,,36.3–38.5,100,2,35.8,151–175
32658,2,2021,,36.0–38.3,100,2,37.6,151–175
32658,2,2020,,34.4–36.8,100,2,37.3,151–175
32658,2,2019,,35.5–38.1,100,2,36.4,151–175
32658,2,2023,,40.0–43.5,100,3,91.7,126–150
32658,2,2022,,36.3–38.5,100,3,90.8,151–175
32658,2,2021,,36.0–38.3,100,3,88.8,151–175
32658,2,2020,,34.4–36.8,100,3,87,151–175
32658,2,2019,,35.5–38.1,100,3,89.4,151–175
32658,2,2023,,40.0–43.5,100,4,28.7,126–150
32658,2,2022,,36.3–38.5,100,4,29.2,151–175
32658,2,2021,,36.0–38.3,100,4,32,151–175
32658,2,2020,,34.4–36.8,100,4,21.2,151–175
32658,2,2019,,35.5–38.1,100,4,20.5,151–175
32658,2,2023,,40.0–43.5,100,5,25.9,126–150
32658,2,2022,,36.3–38.5,100,5,24.1,151–175
32658,2,2021,,36.0–38.3,100,5,28.5,151–175
32658,2,2020,,34.4–36.8,100,5,30.6,151–175
32658,2,2019,,35.5–38.1,100,5,24.3,151–175
32663,2,2023,,23.7–28.3,100,1,55.7,301–400
32663,2,2022,,22.9–27.6,100,1,65.8,301–400
32663,2,2021,,22.9–27.2,100,1,68.2,301–400
32663,2,2020,,21.8–25.9,100,1,63.1,301–400
32663,2,2019,,21.5–26.0,100,1,69.7,301–400
32663,2,2023,,23.7–28.3,100,2,33.6,301–400
32663,2,2022,,22.9–27.6,100,2,33.6,301–400
32663,2,2021,,22.9–27.2,100,2,35.3,301–400
32663,2,2020,,21.8–25.9,100,2,34.9,301–400
32663,2,2019,,21.5–26.0,100,2,35.4,301–400
32663,2,2023,,23.7–28.3,100,3,36.7,301–400
32663,2,2022,,22.9–27.6,100,3,35.9,301–400
32663,2,2021,,22.9–27.2,100,3,36.5,301–400
32663,2,2020,,21.8–25.9,100,3,38,301–400
32663,2,2019,,21.5–26.0,100,3,35.8,301–400
32663,2,2023,,23.7–28.3,100,4,21.8,301–400
32663,2,2022,,22.9–27.6,100,4,16.2,301–400
32663,2,2021,,22.9–27.2,100,4,12,301–400
32663,2,2020,,21.8–25.9,100,4,9.7,301–400
32663,2,2019,,21.5–26.0,100,4,10.6,301–400
32663,2,2023,,23.7–28.3,100,5,20.4,301–400
32663,2,2022,,22.9–27.6,100,5,18.7,301–400
32663,2,2021,,22.9–27.2,100,5,15.6,301–400
32663,2,2020,,21.8–25.9,100,5,16.6,301–400
32663,2,2019,,21.5–26.0,100,5,16.9,301–400
32664,2,2023,76,52.4,100,1,81,
32664,2,2022,67,53.8,100,1,77.2,
32664,2,2021,67,54,100,1,68.5,
32664,2,2020,62,54.4,100,1,65.3,
32664,2,2019,62,55.7,100,1,82.6,
32664,2,2023,76,52.4,100,2,33.7,
32664,2,2022,67,53.8,100,2,33.8,
32664,2,2021,67,54,100,2,35.9,
32664,2,2020,62,54.4,100,2,36,
32664,2,2019,62,55.7,100,2,36.9,
32664,2,2023,76,52.4,100,3,80.3,
32664,2,2022,67,53.8,100,3,76.2,
32664,2,2021,67,54,100,3,75.2,
32664,2,2020,62,54.4,100,3,76.5,
32664,2,2019,62,55.7,100,3,75.7,
32664,2,2023,76,52.4,100,4,41.4,
32664,2,2022,67,53.8,100,4,44.6,
32664,2,2021,67,54,100,4,47.6,
32664,2,2020,62,54.4,100,4,47.5,
32664,2,2019,62,55.7,100,4,47.6,
32664,2,2023,76,52.4,100,5,47.7,
32664,2,2022,67,53.8,100,5,50.6,
32664,2,2021,67,54,100,5,51.7,
32664,2,2020,62,54.4,100,5,53.8,
32664,2,2019,62,55.7,100,5,50.1,
32665,2,2023,6,84.5,100,1,78.7,
32665,2,2022,5,85.9,100,1,81.7,
32665,2,2021,5,85.5,100,1,82,
32665,2,2020,6,84,100,1,73.2,
32665,2,2019,6,84.7,100,1,79.2,
32665,2,2023,6,84.5,100,2,34.8,
32665,2,2022,5,85.9,100,2,35.8,
32665,2,2021,5,85.5,100,2,39.5,
32665,2,2020,6,84,100,2,39.5,
32665,2,2019,6,84.7,100,2,40.2,
32665,2,2023,6,84.5,100,3,95.8,
32665,2,2022,5,85.9,100,3,94.5,
32665,2,2021,5,85.5,100,3,94.2,
32665,2,2020,6,84,100,3,94.2,
32665,2,2019,6,84.7,100,3,92.2,
32665,2,2023,6,84.5,100,4,89.5,
32665,2,2022,5,85.9,100,4,90.9,
32665,2,2021,5,85.5,100,4,90.5,
32665,2,2020,6,84,100,4,90,
32665,2,2019,6,84.7,100,4,90.4,
32665,2,2023,6,84.5,100,5,82.9,
32665,2,2022,5,85.9,100,5,84.1,
32665,2,2021,5,85.5,100,5,83.1,
32665,2,2020,6,84,100,5,83.1,
32665,2,2019,6,84.7,100,5,82.5,
32666,2,2023,,31.9–35.2,100,1,54.2,201–250
32666,2,2022,,36.3–38.5,100,1,50.2,151–175
32666,2,2021,,38.5–41.5,100,1,53.4,126–150
32666,2,2020,,34.4–36.8,100,1,58.7,151–175
32666,2,2019,,41.1–44.4,100,1,67.3,101–125
32666,2,2023,,31.9–35.2,100,2,33.9,201–250
32666,2,2022,,36.3–38.5,100,2,34.4,151–175
32666,2,2021,,38.5–41.5,100,2,36.8,126–150
32666,2,2020,,34.4–36.8,100,2,35.8,151–175
32666,2,2019,,41.1–44.4,100,2,35.9,101–125
32666,2,2023,,31.9–35.2,100,3,83.3,201–250
32666,2,2022,,36.3–38.5,100,3,85.4,151–175
32666,2,2021,,38.5–41.5,100,3,86.3,126–150
32666,2,2020,,34.4–36.8,100,3,91.2,151–175
32666,2,2019,,41.1–44.4,100,3,93.5,101–125
32666,2,2023,,31.9–35.2,100,4,20.8,201–250
32666,2,2022,,36.3–38.5,100,4,29.3,151–175
32666,2,2021,,38.5–41.5,100,4,27.3,126–150
32666,2,2020,,34.4–36.8,100,4,19.5,151–175
32666,2,2019,,41.1–44.4,100,4,26.8,101–125
32666,2,2023,,31.9–35.2,100,5,25.3,201–250
32666,2,2022,,36.3–38.5,100,5,31.1,151–175
32666,2,2021,,38.5–41.5,100,5,36.9,126–150
32666,2,2020,,34.4–36.8,100,5,34.4,151–175
32666,2,2019,,41.1–44.4,100,5,34.8,101–125
32667,2,2023,90,48.7,100,1,60.1,
32667,2,2022,67,53.8,100,1,68.4,
32667,2,2021,70,53.4,100,1,65.6,
32667,2,2020,65,54,100,1,58.7,
32667,2,2019,70,53.5,100,1,59.7,
32667,2,2023,90,48.7,100,2,33.7,
32667,2,2022,67,53.8,100,2,33.7,
32667,2,2021,70,53.4,100,2,35.6,
32667,2,2020,65,54,100,2,34.8,
32667,2,2019,70,53.5,100,2,35.5,
32667,2,2023,90,48.7,100,3,63.4,
32667,2,2022,67,53.8,100,3,58.8,
32667,2,2021,70,53.4,100,3,54.2,
32667,2,2020,65,54,100,3,53.8,
32667,2,2019,70,53.5,100,3,58.6,
32667,2,2023,90,48.7,100,4,47.2,
32667,2,2022,67,53.8,100,4,50.9,
32667,2,2021,70,53.4,100,4,49.8,
32667,2,2020,65,54,100,4,52,
32667,2,2019,70,53.5,100,4,51.4,
32667,2,2023,90,48.7,100,5,43.7,
32667,2,2022,67,53.8,100,5,51.2,
32667,2,2021,70,53.4,100,5,53.2,
32667,2,2020,65,54,100,5,55.5,
32667,2,2019,70,53.5,100,5,53.3,
32668,2,2023,,20.0–23.6,100,1,43.6,401–500
32668,2,2022,,18.6–22.8,100,1,44.6,401–500
32668,2,2021,,17.4–22.8,100,1,54.5,401–500
32668,2,2020,,10.0–21.7,100,1,44.2,401+
32668,2,2019,,21.5–26.0,100,1,54.6,301–400
32668,2,2023,,20.0–23.6,100,2,34.2,401–500
32668,2,2022,,18.6–22.8,100,2,35.2,401–500
32668,2,2021,,17.4–22.8,100,2,38.6,401–500
32668,2,2020,,10.0–21.7,100,2,41,401+
32668,2,2019,,21.5–26.0,100,2,41.3,301–400
32668,2,2023,,20.0–23.6,100,3,56.3,401–500
32668,2,2022,,18.6–22.8,100,3,56.1,401–500
32668,2,2021,,17.4–22.8,100,3,54.3,401–500
32668,2,2020,,10.0–21.7,100,3,61.7,401+
32668,2,2019,,21.5–26.0,100,3,64.2,301–400
32668,2,2023,,20.0–23.6,100,4,8.9,401–500
32668,2,2022,,18.6–22.8,100,4,10.5,401–500
32668,2,2021,,17.4–22.8,100,4,11.5,401–500
32668,2,2020,,10.0–21.7,100,4,10.6,401+
32668,2,2019,,21.5–26.0,100,4,12.3,301–400
32668,2,2023,,20.0–23.6,100,5,19.5,401–500
32668,2,2022,,18.6–22.8,100,5,14.5,401–500
32668,2,2021,,17.4–22.8,100,5,12.9,401–500
32668,2,2020,,10.0–21.7,100,5,13,401+
32668,2,2019,,21.5–26.0,100,5,12.4,301–400
32669,2,2023,,20.0–23.6,100,1,56.3,401–500
32669,2,2022,,18.6–22.8,100,1,56,401–500
32669,2,2021,,22.9–27.2,100,1,61.5,301–400
32669,2,2023,,28.4–31.8,100,1,65.4,251–300
32669,2,2022,,30.6–34.0,100,1,75.1,201–250
32669,2,2021,,30.5–33.3,100,1,65.6,201–250
32669,2,2020,,29.0–32.2,100,1,57.4,201–250
32669,2,2019,,29.0–32.7,100,1,56.2,201–250
32669,2,2023,,20.0–23.6,100,2,34.8,401–500
32669,2,2022,,18.6–22.8,100,2,33.6,401–500
32669,2,2021,,22.9–27.2,100,2,35.3,301–400
32669,2,2023,,28.4–31.8,100,2,33.6,251–300
32669,2,2022,,30.6–34.0,100,2,33.6,201–250
32669,2,2021,,30.5–33.3,100,2,35.2,201–250
32669,2,2020,,29.0–32.2,100,2,35.4,201–250
32669,2,2019,,29.0–32.7,100,2,35.3,201–250
32669,2,2023,,20.0–23.6,100,3,83.8,401–500
32669,2,2022,,18.6–22.8,100,3,77.8,401–500
32669,2,2021,,22.9–27.2,100,3,74.5,301–400
32669,2,2023,,28.4–31.8,100,3,59,251–300
32669,2,2022,,30.6–34.0,100,3,52.2,201–250
32669,2,2021,,30.5–33.3,100,3,57.8,201–250
32669,2,2020,,29.0–32.2,100,3,57.5,201–250
32669,2,2019,,29.0–32.7,100,3,58.5,201–250
32669,2,2023,,20.0–23.6,100,4,7.2,401–500
32669,2,2022,,18.6–22.8,100,4,7.6,401–500
32669,2,2021,,22.9–27.2,100,4,10.4,301–400
32669,2,2023,,28.4–31.8,100,4,18.8,251–300
32669,2,2022,,30.6–34.0,100,4,21.4,201–250
32669,2,2021,,30.5–33.3,100,4,23.1,201–250
32669,2,2020,,29.0–32.2,100,4,21.7,201–250
32669,2,2019,,29.0–32.7,100,4,25.6,201–250
32669,2,2023,,20.0–23.6,100,5,14,401–500
32669,2,2022,,18.6–22.8,100,5,10.4,401–500
32669,2,2021,,22.9–27.2,100,5,14,301–400
32669,2,2023,,28.4–31.8,100,5,23.4,251–300
32669,2,2022,,30.6–34.0,100,5,20.5,201–250
32669,2,2021,,30.5–33.3,100,5,22.4,201–250
32669,2,2020,,29.0–32.2,100,5,22.3,201–250
32669,2,2019,,29.0–32.7,100,5,24.1,201–250
32670,2,2023,67,53.6,100,1,72.8,
32670,2,2022,80,51.5,100,1,64.6,
32670,2,2021,79,51.2,100,1,61.2,
32670,2,2020,86,47.1,100,1,56.5,
32670,2,2019,69,53.6,100,1,79,
32670,2,2023,67,53.6,100,2,33.8,
32670,2,2022,80,51.5,100,2,33.8,
32670,2,2021,79,51.2,100,2,35.5,
32670,2,2020,86,47.1,100,2,34.8,
32670,2,2019,69,53.6,100,2,35.7,
32670,2,2023,67,53.6,100,3,69.5,
32670,2,2022,80,51.5,100,3,65.5,
32670,2,2021,79,51.2,100,3,65.6,
32670,2,2020,86,47.1,100,3,67.4,
32670,2,2019,69,53.6,100,3,66.5,
32670,2,2023,67,53.6,100,4,52.2,
32670,2,2022,80,51.5,100,4,48.1,
32670,2,2021,79,51.2,100,4,49.3,
32670,2,2020,86,47.1,100,4,45.2,
32670,2,2019,69,53.6,100,4,48.5,
32670,2,2023,67,53.6,100,5,45.4,
32670,2,2022,80,51.5,100,5,47.9,
32670,2,2021,79,51.2,100,5,47.4,
32670,2,2020,86,47.1,100,5,41.9,
32670,2,2019,69,53.6,100,5,47.2,
32671,2,2023,,31.9–35.2,100,1,55.3,201–250
32671,2,2022,,30.6–34.0,100,1,54.9,201–250
32671,2,2021,,30.5–33.3,100,1,55.5,201–250
32671,2,2020,,26.0–28.9,100,1,55.6,251–300
32671,2,2019,,26.4–28.9,100,1,60.5,251–300
32671,2,2023,,31.9–35.2,100,2,33.6,201–250
32671,2,2022,,30.6–34.0,100,2,34.2,201–250
32671,2,2021,,30.5–33.3,100,2,35.3,201–250
32671,2,2020,,26.0–28.9,100,2,34.8,251–300
32671,2,2019,,26.4–28.9,100,2,35.3,251–300
32671,2,2023,,31.9–35.2,100,3,69.1,201–250
32671,2,2022,,30.6–34.0,100,3,67.3,201–250
32671,2,2021,,30.5–33.3,100,3,63.6,201–250
32671,2,2020,,26.0–28.9,100,3,66.8,251–300
32671,2,2019,,26.4–28.9,100,3,66.3,251–300
32671,2,2023,,31.9–35.2,100,4,19.7,201–250
32671,2,2022,,30.6–34.0,100,4,20.9,201–250
32671,2,2021,,30.5–33.3,100,4,22,201–250
32671,2,2020,,26.0–28.9,100,4,17.8,251–300
32671,2,2019,,26.4–28.9,100,4,12.7,251–300
32671,2,2023,,31.9–35.2,100,5,29.7,201–250
32671,2,2022,,30.6–34.0,100,5,26.4,201–250
32671,2,2021,,30.5–33.3,100,5,26.3,201–250
32671,2,2020,,26.0–28.9,100,5,17.5,251–300
32671,2,2019,,26.4–28.9,100,5,20.4,251–300
32672,2,2023,,37.6–39.8,100,1,71,151–175
32672,2,2022,,34.1–36.2,100,1,62.5,176–200
32672,2,2021,,36.0–38.3,100,1,67.1,151–175
32672,2,2020,,36.9–40.3,100,1,66.7,126–150
32672,2,2019,,38.2–41.0,100,1,68.6,126–150
32672,2,2023,,37.6–39.8,100,2,73.1,151–175
32672,2,2022,,34.1–36.2,100,2,79.5,176–200
32672,2,2021,,36.0–38.3,100,2,79.3,151–175
32672,2,2020,,36.9–40.3,100,2,74,126–150
32672,2,2019,,38.2–41.0,100,2,61.5,126–150
32672,2,2023,,37.6–39.8,100,3,58.2,151–175
32672,2,2022,,34.1–36.2,100,3,52,176–200
32672,2,2021,,36.0–38.3,100,3,50.5,151–175
32672,2,2020,,36.9–40.3,100,3,58.9,126–150
32672,2,2019,,38.2–41.0,100,3,63.8,126–150
32672,2,2023,,37.6–39.8,100,4,26.6,151–175
32672,2,2022,,34.1–36.2,100,4,25.8,176–200
32672,2,2021,,36.0–38.3,100,4,27.4,151–175
32672,2,2020,,36.9–40.3,100,4,33.2,126–150
32672,2,2019,,38.2–41.0,100,4,35.8,126–150
32672,2,2023,,37.6–39.8,100,5,28.8,151–175
32672,2,2022,,34.1–36.2,100,5,27.1,176–200
32672,2,2021,,36.0–38.3,100,5,32.2,151–175
32672,2,2020,,36.9–40.3,100,5,27.4,126–150
32672,2,2019,,38.2–41.0,100,5,28.2,126–150
32674,2,2023,,43.6–46.7,100,1,68.7,101–125
32674,2,2022,87,49.5,100,1,70,
32674,2,2021,,41.6–46.7,100,1,68,101–125
32674,2,2020,,40.4–45.1,100,1,63.6,101–125
32674,2,2019,90,47.4,100,1,71.4,
32674,2,2023,,43.6–46.7,100,2,35.6,101–125
32674,2,2022,87,49.5,100,2,35.4,
32674,2,2021,,41.6–46.7,100,2,37,101–125
32674,2,2020,,40.4–45.1,100,2,37.1,101–125
32674,2,2019,90,47.4,100,2,37.3,
32674,2,2023,,43.6–46.7,100,3,62.2,101–125
32674,2,2022,87,49.5,100,3,68.5,
32674,2,2021,,41.6–46.7,100,3,68.7,101–125
32674,2,2020,,40.4–45.1,100,3,68.1,101–125
32674,2,2019,90,47.4,100,3,65.4,
32674,2,2023,,43.6–46.7,100,4,33,101–125
32674,2,2022,87,49.5,100,4,40.1,
32674,2,2021,,41.6–46.7,100,4,32.2,101–125
32674,2,2020,,40.4–45.1,100,4,38.2,101–125
32674,2,2019,90,47.4,100,4,41.1,
32674,2,2023,,43.6–46.7,100,5,41,101–125
32674,2,2022,87,49.5,100,5,47.7,
32674,2,2021,,41.6–46.7,100,5,36.3,101–125
32674,2,2020,,40.4–45.1,100,5,38.3,101–125
32674,2,2019,90,47.4,100,5,41.1,
32676,2,2023,,23.7–28.3,100,1,72.6,301–400
32676,2,2022,,27.7–30.4,100,1,66.8,251–300
32676,2,2021,,27.3–30.4,100,1,66.7,251–300
32676,2,2020,,21.8–25.9,100,1,51.5,301–400
32676,2,2019,,21.5–26.0,100,1,55.3,301–400
32676,2,2023,,23.7–28.3,100,2,38.5,301–400
32676,2,2022,,27.7–30.4,100,2,37.5,251–300
32676,2,2021,,27.3–30.4,100,2,36.7,251–300
32676,2,2020,,21.8–25.9,100,2,37.6,301–400
32676,2,2019,,21.5–26.0,100,2,35.7,301–400
32676,2,2023,,23.7–28.3,100,3,68.3,301–400
32676,2,2022,,27.7–30.4,100,3,76.2,251–300
32676,2,2021,,27.3–30.4,100,3,76.1,251–300
32676,2,2020,,21.8–25.9,100,3,77.8,301–400
32676,2,2019,,21.5–26.0,100,3,76.2,301–400
32676,2,2023,,23.7–28.3,100,4,14.4,301–400
32676,2,2022,,27.7–30.4,100,4,14.4,251–300
32676,2,2021,,27.3–30.4,100,4,14.8,251–300
32676,2,2020,,21.8–25.9,100,4,14.8,301–400
32676,2,2019,,21.5–26.0,100,4,14.2,301–400
32676,2,2023,,23.7–28.3,100,5,14.6,301–400
32676,2,2022,,27.7–30.4,100,5,18.6,251–300
32676,2,2021,,27.3–30.4,100,5,16.5,251–300
32676,2,2020,,21.8–25.9,100,5,14.9,301–400
32676,2,2019,,21.5–26.0,100,5,9.8,301–400
32677,2,2023,,23.7–28.3,100,1,58.1,301–400
32677,2,2022,,22.9–27.6,100,1,60.9,301–400
32677,2,2021,,30.5–33.3,100,1,84.7,201–250
32677,2,2020,,29.0–32.2,100,1,77.6,201–250
32677,2,2019,,29.0–32.7,100,1,84.5,201–250
32677,2,2023,,23.7–28.3,100,2,33.6,301–400
32677,2,2022,,22.9–27.6,100,2,33.6,301–400
32677,2,2021,,30.5–33.3,100,2,35.3,201–250
32677,2,2020,,29.0–32.2,100,2,34.7,201–250
32677,2,2019,,29.0–32.7,100,2,35.3,201–250
32677,2,2023,,23.7–28.3,100,3,74.5,301–400
32677,2,2022,,22.9–27.6,100,3,68.9,301–400
32677,2,2021,,30.5–33.3,100,3,68.6,201–250
32677,2,2020,,29.0–32.2,100,3,70.1,201–250
32677,2,2019,,29.0–32.7,100,3,72.3,201–250
32677,2,2023,,23.7–28.3,100,4,15.8,301–400
32677,2,2022,,22.9–27.6,100,4,14,301–400
32677,2,2021,,30.5–33.3,100,4,15.9,201–250
32677,2,2020,,29.0–32.2,100,4,17.6,201–250
32677,2,2019,,29.0–32.7,100,4,17.8,201–250
32677,2,2023,,23.7–28.3,100,5,19.1,301–400
32677,2,2022,,22.9–27.6,100,5,13.2,301–400
32677,2,2021,,30.5–33.3,100,5,15.5,201–250
32677,2,2020,,29.0–32.2,100,5,17.6,201–250
32677,2,2019,,29.0–32.7,100,5,15.5,201–250
32687,2,2023,23,70.6,100,1,60.1,
32687,2,2022,30,69.2,100,1,58.9,
32687,2,2021,26,71.5,100,1,61.4,
32687,2,2020,24,70.3,100,1,58.8,
32687,2,2019,26,70.6,100,1,54.1,
32687,2,2023,23,70.6,100,2,33.6,
32687,2,2022,30,69.2,100,2,33.6,
32687,2,2021,26,71.5,100,2,35.3,
32687,2,2020,24,70.3,100,2,34.7,
32687,2,2019,26,70.6,100,2,35.4,
32687,2,2023,23,70.6,100,3,75.5,
32687,2,2022,30,69.2,100,3,73.2,
32687,2,2021,26,71.5,100,3,71.9,
32687,2,2020,24,70.3,100,3,73.2,
32687,2,2019,26,70.6,100,3,74,
32687,2,2023,23,70.6,100,4,74.6,
32687,2,2022,30,69.2,100,4,72.7,
32687,2,2021,26,71.5,100,4,76.2,
32687,2,2020,24,70.3,100,4,74.1,
32687,2,2019,26,70.6,100,4,77.8,
32687,2,2023,23,70.6,100,5,72.1,
32687,2,2022,30,69.2,100,5,71.4,
32687,2,2021,26,71.5,100,5,73.2,
32687,2,2020,24,70.3,100,5,73,
32687,2,2019,26,70.6,100,5,71.8,
32688,2,2023,,43.6–46.7,100,1,61.2,101–125
32688,2,2022,90,48.6,100,1,69.7,
32688,2,2021,81,50.8,100,1,70.3,
32688,2,2020,74,50.1,100,1,65,
32688,2,2019,,41.1–44.4,100,1,68.7,101–125
32688,2,2023,,43.6–46.7,100,2,34.3,101–125
32688,2,2022,90,48.6,100,2,33.8,
32688,2,2021,81,50.8,100,2,35.3,
32688,2,2020,74,50.1,100,2,34.7,
32688,2,2019,,41.1–44.4,100,2,35.3,101–125
32688,2,2023,,43.6–46.7,100,3,68.2,101–125
32688,2,2022,90,48.6,100,3,66.7,
32688,2,2021,81,50.8,100,3,61.7,
32688,2,2020,74,50.1,100,3,61.6,
32688,2,2019,,41.1–44.4,100,3,55.8,101–125
32688,2,2023,,43.6–46.7,100,4,43.3,101–125
32688,2,2022,90,48.6,100,4,43.8,
32688,2,2021,81,50.8,100,4,46.7,
32688,2,2020,74,50.1,100,4,47.4,
32688,2,2019,,41.1–44.4,100,4,40.5,101–125
32688,2,2023,,43.6–46.7,100,5,40,101–125
32688,2,2022,90,48.6,100,5,42.4,
32688,2,2021,81,50.8,100,5,45.9,
32688,2,2020,74,50.1,100,5,45.5,
32688,2,2019,,41.1–44.4,100,5,32.2,101–125
32732,2,2023,,35.3–37.4,100,1,79.4,176–200
32732,2,2022,,30.6–34.0,100,1,76.7,201–250
32732,2,2021,,33.6–35.9,100,1,92.2,176–200
32732,2,2020,,26.0–28.9,100,1,65.1,251–300
32732,2,2019,,26.4–28.9,100,1,66.6,251–300
32732,2,2023,,35.3–37.4,100,2,39.1,176–200
32732,2,2022,,30.6–34.0,100,2,37.3,201–250
32732,2,2021,,33.6–35.9,100,2,38.1,176–200
32732,2,2020,,26.0–28.9,100,2,38.1,251–300
32732,2,2019,,26.4–28.9,100,2,89.3,251–300
32732,2,2023,,35.3–37.4,100,3,72.6,176–200
32732,2,2022,,30.6–34.0,100,3,64.9,201–250
32732,2,2021,,33.6–35.9,100,3,74.6,176–200
32732,2,2020,,26.0–28.9,100,3,64.2,251–300
32732,2,2019,,26.4–28.9,100,3,75.7,251–300
32732,2,2023,,35.3–37.4,100,4,23.9,176–200
32732,2,2022,,30.6–34.0,100,4,19.8,201–250
32732,2,2021,,33.6–35.9,100,4,20.1,176–200
32732,2,2020,,26.0–28.9,100,4,17.5,251–300
32732,2,2019,,26.4–28.9,100,4,17.2,251–300
32732,2,2023,,35.3–37.4,100,5,23.1,176–200
32732,2,2022,,30.6–34.0,100,5,16.9,201–250
32732,2,2021,,33.6–35.9,100,5,18.6,176–200
32732,2,2020,,26.0–28.9,100,5,17.1,251–300
32732,2,2019,,26.4–28.9,100,5,10.4,251–300
32733,2,2023,,43.6–46.7,100,1,47.8,101–125
32733,2,2022,,42.4–46.6,100,1,43.7,101–125
32733,2,2021,,41.6–46.7,100,1,45.3,101–125
32733,2,2020,,40.4–45.1,100,1,46.8,101–125
32733,2,2019,96,46.2,100,1,51.9,
32733,2,2023,,43.6–46.7,100,2,33.6,101–125
32733,2,2022,,42.4–46.6,100,2,33.6,101–125
32733,2,2021,,41.6–46.7,100,2,35.3,101–125
32733,2,2020,,40.4–45.1,100,2,34.7,101–125
32733,2,2019,96,46.2,100,2,35.3,
32733,2,2023,,43.6–46.7,100,3,82.7,101–125
32733,2,2022,,42.4–46.6,100,3,80,101–125
32733,2,2021,,41.6–46.7,100,3,81.1,101–125
32733,2,2020,,40.4–45.1,100,3,82.5,101–125
32733,2,2019,96,46.2,100,3,82.1,
32733,2,2023,,43.6–46.7,100,4,46.9,101–125
32733,2,2022,,42.4–46.6,100,4,42.5,101–125
32733,2,2021,,41.6–46.7,100,4,39.4,101–125
32733,2,2020,,40.4–45.1,100,4,34,101–125
32733,2,2019,96,46.2,100,4,37.9,
32733,2,2023,,43.6–46.7,100,5,39.2,101–125
32733,2,2022,,42.4–46.6,100,5,45,101–125
32733,2,2021,,41.6–46.7,100,5,43.4,101–125
32733,2,2020,,40.4–45.1,100,5,43.8,101–125
32733,2,2019,96,46.2,100,5,45.7,
33549,2,2023,3,87.7,100,1,69.9,
33549,2,2022,3,88.3,100,1,69.5,
33549,2,2021,3,88,100,1,71.1,
33549,2,2020,2,86.7,100,1,62.8,
33549,2,2019,4,87.3,100,1,68.1,
33549,2,2023,3,87.7,100,2,53.7,
33549,2,2022,3,88.3,100,2,58.5,
33549,2,2021,3,88,100,2,59,
33549,2,2020,2,86.7,100,2,58.8,
33549,2,2019,4,87.3,100,2,54.8,
33549,2,2023,3,87.7,100,3,77.5,
33549,2,2022,3,88.3,100,3,76.4,
33549,2,2021,3,88,100,3,75.6,
33549,2,2020,2,86.7,100,3,75.2,
33549,2,2019,4,87.3,100,3,75.2,
33549,2,2023,3,87.7,100,4,96.1,
33549,2,2022,3,88.3,100,4,96.6,
33549,2,2021,3,88,100,4,96.6,
33549,2,2020,2,86.7,100,4,96.3,
33549,2,2019,4,87.3,100,4,95.7,
33549,2,2023,3,87.7,100,5,90.8,
33549,2,2022,3,88.3,100,5,91.7,
33549,2,2021,3,88,100,5,90.6,
33549,2,2020,2,86.7,100,5,90.7,
33549,2,2019,4,87.3,100,5,91.1,
33550,2,2023,69,53,100,1,67.2,
33550,2,2022,51,58.9,100,1,73.5,
33550,2,2021,38,63.7,100,1,71.5,
33550,2,2020,43,59.9,100,1,64.7,
33550,2,2019,52,59,100,1,70.1,
33550,2,2023,69,53,100,2,33.6,
33550,2,2022,51,58.9,100,2,33.6,
33550,2,2021,38,63.7,100,2,35.3,
33550,2,2020,43,59.9,100,2,34.8,
33550,2,2019,52,59,100,2,35.3,
33550,2,2023,69,53,100,3,76.8,
33550,2,2022,51,58.9,100,3,71.3,
33550,2,2021,38,63.7,100,3,67.6,
33550,2,2020,43,59.9,100,3,68.1,
33550,2,2019,52,59,100,3,67.8,
33550,2,2023,69,53,100,4,54.4,
33550,2,2022,51,58.9,100,4,60.2,
33550,2,2021,38,63.7,100,4,66.8,
33550,2,2020,43,59.9,100,4,60,
33550,2,2019,52,59,100,4,56,
33550,2,2023,69,53,100,5,42.5,
33550,2,2022,51,58.9,100,5,50.8,
33550,2,2021,38,63.7,100,5,58.5,
33550,2,2020,43,59.9,100,5,58,
33550,2,2019,52,59,100,5,57.4,
33850,2,2023,83,50.2,100,1,79.2,
33850,2,2022,,42.4–46.6,100,1,83.6,101–125
33850,2,2021,88,48.8,100,1,73.9,
33850,2,2020,91,46.1,100,1,67.6,
33850,2,2019,86,48.1,100,1,86,
33850,2,2023,83,50.2,100,2,33.6,
33850,2,2022,,42.4–46.6,100,2,33.7,101–125
33850,2,2021,88,48.8,100,2,35.5,
33850,2,2020,91,46.1,100,2,34.7,
33850,2,2019,86,48.1,100,2,35.3,
33850,2,2023,83,50.2,100,3,69.5,
33850,2,2022,,42.4–46.6,100,3,68.3,101–125
33850,2,2021,88,48.8,100,3,67.4,
33850,2,2020,91,46.1,100,3,68.4,
33850,2,2019,86,48.1,100,3,70.2,
33850,2,2023,83,50.2,100,4,48.7,
33850,2,2022,,42.4–46.6,100,4,37,101–125
33850,2,2021,88,48.8,100,4,44.8,
33850,2,2020,91,46.1,100,4,42.6,
33850,2,2019,86,48.1,100,4,39.1,
33850,2,2023,83,50.2,100,5,37.4,
33850,2,2022,,42.4–46.6,100,5,31.6,101–125
33850,2,2021,88,48.8,100,5,39.8,
33850,2,2020,91,46.1,100,5,37.2,
33850,2,2019,86,48.1,100,5,38.3,
34147,2,2023,,43.6–46.7,100,1,77.5,101–125
34147,2,2022,,42.4–46.6,100,1,86.3,101–125
34147,2,2021,,41.6–46.7,100,1,82.2,101–125
34147,2,2020,,40.4–45.1,100,1,72.6,101–125
34147,2,2019,,38.2–41.0,100,1,79.3,126–150
34147,2,2023,,43.6–46.7,100,2,34.5,101–125
34147,2,2022,,42.4–46.6,100,2,34.8,101–125
34147,2,2021,,41.6–46.7,100,2,37.4,101–125
34147,2,2020,,40.4–45.1,100,2,36.3,101–125
34147,2,2019,,38.2–41.0,100,2,36.7,126–150
34147,2,2023,,43.6–46.7,100,3,82.8,101–125
34147,2,2022,,42.4–46.6,100,3,84.2,101–125
34147,2,2021,,41.6–46.7,100,3,83.3,101–125
34147,2,2020,,40.4–45.1,100,3,84.8,101–125
34147,2,2019,,38.2–41.0,100,3,83.3,126–150
34147,2,2023,,43.6–46.7,100,4,36.2,101–125
34147,2,2022,,42.4–46.6,100,4,29.8,101–125
34147,2,2021,,41.6–46.7,100,4,30.7,101–125
34147,2,2020,,40.4–45.1,100,4,30.8,101–125
34147,2,2019,,38.2–41.0,100,4,27.4,126–150
34147,2,2023,,43.6–46.7,100,5,38.1,101–125
34147,2,2022,,42.4–46.6,100,5,35.1,101–125
34147,2,2021,,41.6–46.7,100,5,36.4,101–125
34147,2,2020,,40.4–45.1,100,5,35.2,101–125
34147,2,2019,,38.2–41.0,100,5,28.7,126–150
35314,2,2023,63,54.1,100,1,59.9,
35314,2,2022,56,57.5,100,1,58.4,
35314,2,2021,66,54.6,100,1,48.6,
35314,2,2020,57,56,100,1,50.1,
35314,2,2019,61,56,100,1,50.9,
35314,2,2023,63,54.1,100,2,33.7,
35314,2,2022,56,57.5,100,2,34.1,
35314,2,2021,66,54.6,100,2,35.7,
35314,2,2020,57,56,100,2,34.9,
35314,2,2019,61,56,100,2,36.2,
35314,2,2023,63,54.1,100,3,71.6,
35314,2,2022,56,57.5,100,3,70.5,
35314,2,2021,66,54.6,100,3,71.6,
35314,2,2020,57,56,100,3,72.1,
35314,2,2019,61,56,100,3,70.6,
35314,2,2023,63,54.1,100,4,55.4,
35314,2,2022,56,57.5,100,4,56.4,
35314,2,2021,66,54.6,100,4,53.4,
35314,2,2020,57,56,100,4,51.7,
35314,2,2019,61,56,100,4,52.5,
35314,2,2023,63,54.1,100,5,48.4,
35314,2,2022,56,57.5,100,5,57.2,
35314,2,2021,66,54.6,100,5,56,
35314,2,2020,57,56,100,5,60.7,
35314,2,2019,61,56,100,5,59.9,
35315,2,2023,,31.9–35.2,100,1,53.4,201–250
35315,2,2022,,30.6–34.0,100,1,44.2,201–250
35315,2,2021,,38.5–41.5,100,1,52.1,126–150
35315,2,2020,,36.9–40.3,100,1,54.6,126–150
35315,2,2019,,32.8–35.4,100,1,61.1,176–200
35315,2,2023,,31.9–35.2,100,2,33.6,201–250
35315,2,2022,,30.6–34.0,100,2,33.6,201–250
35315,2,2021,,38.5–41.5,100,2,35.6,126–150
35315,2,2020,,36.9–40.3,100,2,34.7,126–150
35315,2,2019,,32.8–35.4,100,2,35.3,176–200
35315,2,2023,,31.9–35.2,100,3,62.8,201–250
35315,2,2022,,30.6–34.0,100,3,56.7,201–250
35315,2,2021,,38.5–41.5,100,3,56.7,126–150
35315,2,2020,,36.9–40.3,100,3,61.1,126–150
35315,2,2019,,32.8–35.4,100,3,61.6,176–200
35315,2,2023,,31.9–35.2,100,4,22.6,201–250
35315,2,2022,,30.6–34.0,100,4,26.4,201–250
35315,2,2021,,38.5–41.5,100,4,37,126–150
35315,2,2020,,36.9–40.3,100,4,32.7,126–150
35315,2,2019,,32.8–35.4,100,4,20.4,176–200
35315,2,2023,,31.9–35.2,100,5,28.3,201–250
35315,2,2022,,30.6–34.0,100,5,29,201–250
35315,2,2021,,38.5–41.5,100,5,32.4,126–150
35315,2,2020,,36.9–40.3,100,5,32.9,126–150
35315,2,2019,,32.8–35.4,100,5,30.8,176–200
35316,2,2023,55,56.7,100,1,66.6,
35316,2,2022,48,60,100,1,71.4,
35316,2,2021,50,59.3,100,1,66.9,
35316,2,2020,51,57.9,100,1,63.4,
35316,2,2019,44,61.5,100,1,68.1,
35316,2,2023,55,56.7,100,2,33.6,
35316,2,2022,48,60,100,2,33.6,
35316,2,2021,50,59.3,100,2,35.3,
35316,2,2020,51,57.9,100,2,34.7,
35316,2,2019,44,61.5,100,2,35.4,
35316,2,2023,55,56.7,100,3,70.1,
35316,2,2022,48,60,100,3,67.3,
35316,2,2021,50,59.3,100,3,63.4,
35316,2,2020,51,57.9,100,3,63.8,
35316,2,2019,44,61.5,100,3,60.7,
35316,2,2023,55,56.7,100,4,57.7,
35316,2,2022,48,60,100,4,63.5,
35316,2,2021,50,59.3,100,4,64.7,
35316,2,2020,51,57.9,100,4,58.7,
35316,2,2019,44,61.5,100,4,64.4,
35316,2,2023,55,56.7,100,5,50.6,
35316,2,2022,48,60,100,5,52.3,
35316,2,2021,50,59.3,100,5,51.5,
35316,2,2020,51,57.9,100,5,55.1,
35316,2,2019,44,61.5,100,5,57.9,
35317,2,2023,50,58.5,100,1,72.6,
35317,2,2022,57,57.4,100,1,73.4,
35317,2,2021,45,60.7,100,1,90.2,
35317,2,2020,40,61.6,100,1,73.5,
35317,2,2019,34,65.4,100,1,82.5,
35317,2,2023,50,58.5,100,2,34.4,
35317,2,2022,57,57.4,100,2,34.7,
35317,2,2021,45,60.7,100,2,36,
35317,2,2020,40,61.6,100,2,34.8,
35317,2,2019,34,65.4,100,2,35.3,
35317,2,2023,50,58.5,100,3,76.7,
35317,2,2022,57,57.4,100,3,70.9,
35317,2,2021,45,60.7,100,3,73,
35317,2,2020,40,61.6,100,3,73.6,
35317,2,2019,34,65.4,100,3,70.2,
35317,2,2023,50,58.5,100,4,54,
35317,2,2022,57,57.4,100,4,53.5,
35317,2,2021,45,60.7,100,4,55,
35317,2,2020,40,61.6,100,4,58.6,
35317,2,2019,34,65.4,100,4,62.6,
35317,2,2023,50,58.5,100,5,55.5,
35317,2,2022,57,57.4,100,5,53.8,
35317,2,2021,45,60.7,100,5,53.7,
35317,2,2020,40,61.6,100,5,59.1,
35317,2,2019,34,65.4,100,5,62.3,
36440,2,2023,,43.6–46.7,100,1,75.5,101–125
36440,2,2022,,42.4–46.6,100,1,76.9,101–125
36440,2,2021,,38.5–41.5,100,1,71.2,126–150
36440,2,2020,,34.4–36.8,100,1,70.3,151–175
36440,2,2019,,38.2–41.0,100,1,69,126–150
36440,2,2023,,43.6–46.7,100,2,37.3,101–125
36440,2,2022,,42.4–46.6,100,2,36.1,101–125
36440,2,2021,,38.5–41.5,100,2,40.4,126–150
36440,2,2020,,34.4–36.8,100,2,36.7,151–175
36440,2,2019,,38.2–41.0,100,2,37.8,126–150
36440,2,2023,,43.6–46.7,100,3,72.5,101–125
36440,2,2022,,42.4–46.6,100,3,68.6,101–125
36440,2,2021,,38.5–41.5,100,3,67,126–150
36440,2,2020,,34.4–36.8,100,3,68.5,151–175
36440,2,2019,,38.2–41.0,100,3,63.6,126–150
36440,2,2023,,43.6–46.7,100,4,29.9,101–125
36440,2,2022,,42.4–46.6,100,4,30.8,101–125
36440,2,2021,,38.5–41.5,100,4,30.1,126–150
36440,2,2020,,34.4–36.8,100,4,25.2,151–175
36440,2,2019,,38.2–41.0,100,4,28.1,126–150
36440,2,2023,,43.6–46.7,100,5,39.6,101–125
36440,2,2022,,42.4–46.6,100,5,36.8,101–125
36440,2,2021,,38.5–41.5,100,5,28.7,126–150
36440,2,2020,,34.4–36.8,100,5,24.4,151–175
36440,2,2019,,38.2–41.0,100,5,31,126–150
36441,2,2023,,43.6–46.7,100,1,77.2,101–125
36441,2,2022,98,47,100,1,82.2,
36441,2,2021,84,49.4,100,1,68.6,
36441,2,2020,83,48,100,1,62.5,
36441,2,2019,98,45.6,100,1,66.8,
36441,2,2023,,43.6–46.7,100,2,33.6,101–125
36441,2,2022,98,47,100,2,33.6,
36441,2,2021,84,49.4,100,2,35.8,
36441,2,2020,83,48,100,2,38.3,
36441,2,2019,98,45.6,100,2,35.3,
36441,2,2023,,43.6–46.7,100,3,71.4,101–125
36441,2,2022,98,47,100,3,69.5,
36441,2,2021,84,49.4,100,3,68.1,
36441,2,2020,83,48,100,3,71.2,
36441,2,2019,98,45.6,100,3,70.5,
36441,2,2023,,43.6–46.7,100,4,37.1,101–125
36441,2,2022,98,47,100,4,39,
36441,2,2021,84,49.4,100,4,47.7,
36441,2,2020,83,48,100,4,43,
36441,2,2019,98,45.6,100,4,39.6,
36441,2,2023,,43.6–46.7,100,5,37.7,101–125
36441,2,2022,98,47,100,5,37.5,
36441,2,2021,84,49.4,100,5,40.6,
36441,2,2020,83,48,100,5,43.3,
36441,2,2019,98,45.6,100,5,38.7,
36443,2,2023,4,87.1,100,1,75.1,
36443,2,2022,4,86.4,100,1,74.2,
36443,2,2021,4,87.5,100,1,79.6,
36443,2,2020,3,86.4,100,1,68.1,
36443,2,2019,3,87.6,100,1,76.7,
36443,2,2023,4,87.1,100,2,33.7,
36443,2,2022,4,86.4,100,2,33.5,
36443,2,2021,4,87.5,100,2,35.8,
36443,2,2020,3,86.4,100,2,35.2,
36443,2,2019,3,87.6,100,2,37.6,
36443,2,2023,4,87.1,100,3,72.7,
36443,2,2022,4,86.4,100,3,72.2,
36443,2,2021,4,87.5,100,3,74,
36443,2,2020,3,86.4,100,3,75.8,
36443,2,2019,3,87.6,100,3,75.4,
36443,2,2023,4,87.1,100,4,95,
36443,2,2022,4,86.4,100,4,95.2,
36443,2,2021,4,87.5,100,4,95,
36443,2,2020,3,86.4,100,4,95.5,
36443,2,2019,3,87.6,100,4,95.2,
36443,2,2023,4,87.1,100,5,90.4,
36443,2,2022,4,86.4,100,5,88.9,
36443,2,2021,4,87.5,100,5,89.3,
36443,2,2020,3,86.4,100,5,90.1,
36443,2,2019,3,87.6,100,5,90.3,
36445,2,2023,,35.3–37.4,100,1,90.2,176–200
36445,2,2022,,34.1–36.2,100,1,84.3,176–200
36445,2,2021,,30.5–33.3,100,1,86.5,201–250
36445,2,2020,,26.0–28.9,100,1,73,251–300
36445,2,2019,,29.0–32.7,100,1,74.2,201–250
36445,2,2023,,35.3–37.4,100,2,33.6,176–200
36445,2,2022,,34.1–36.2,100,2,33.6,176–200
36445,2,2021,,30.5–33.3,100,2,35.3,201–250
36445,2,2020,,26.0–28.9,100,2,33.9,251–300
36445,2,2019,,29.0–32.7,100,2,35.6,201–250
36445,2,2023,,35.3–37.4,100,3,92.6,176–200
36445,2,2022,,34.1–36.2,100,3,96.4,176–200
36445,2,2021,,30.5–33.3,100,3,97.2,201–250
36445,2,2020,,26.0–28.9,100,3,97.2,251–300
36445,2,2019,,29.0–32.7,100,3,96.7,201–250
36445,2,2023,,35.3–37.4,100,4,21.6,176–200
36445,2,2022,,34.1–36.2,100,4,18.6,176–200
36445,2,2021,,30.5–33.3,100,4,16.4,201–250
36445,2,2020,,26.0–28.9,100,4,13.1,251–300
36445,2,2019,,29.0–32.7,100,4,12.8,201–250
36445,2,2023,,35.3–37.4,100,5,16.2,176–200
36445,2,2022,,34.1–36.2,100,5,16.9,176–200
36445,2,2021,,30.5–33.3,100,5,13.8,201–250
36445,2,2020,,26.0–28.9,100,5,10.1,251–300
36445,2,2019,,29.0–32.7,100,5,13.5,201–250
36446,2,2023,33,65.1,100,1,70.8,
36446,2,2022,26,70.8,100,1,68.4,
36446,2,2021,19,72.9,100,1,72.6,
36446,2,2020,27,67.9,100,1,68.4,
36446,2,2019,30,68,100,1,78,
36446,2,2023,33,65.1,100,2,40,
36446,2,2022,26,70.8,100,2,42.4,
36446,2,2021,19,72.9,100,2,48.1,
36446,2,2020,27,67.9,100,2,44.6,
36446,2,2019,30,68,100,2,40.7,
36446,2,2023,33,65.1,100,3,70.6,
36446,2,2022,26,70.8,100,3,66.6,
36446,2,2021,19,72.9,100,3,66.8,
36446,2,2020,27,67.9,100,3,68.7,
36446,2,2019,30,68,100,3,69.2,
36446,2,2023,33,65.1,100,4,65.4,
36446,2,2022,26,70.8,100,4,74.3,
36446,2,2021,19,72.9,100,4,75.6,
36446,2,2020,27,67.9,100,4,66.3,
36446,2,2019,30,68,100,4,65.9,
36446,2,2023,33,65.1,100,5,63,
36446,2,2022,26,70.8,100,5,71,
36446,2,2021,19,72.9,100,5,73.2,
36446,2,2020,27,67.9,100,5,70.6,
36446,2,2019,30,68,100,5,67.7,
36455,2,2023,,28.4–31.8,100,1,69.7,251–300
36455,2,2022,,27.7–30.4,100,1,71.1,251–300
36455,2,2021,,30.5–33.3,100,1,76.7,201–250
36455,2,2020,,29.0–32.2,100,1,71.5,201–250
36455,2,2019,,29.0–32.7,100,1,68.3,201–250
36455,2,2023,,28.4–31.8,100,2,33.6,251–300
36455,2,2022,,27.7–30.4,100,2,33.6,251–300
36455,2,2021,,30.5–33.3,100,2,35.4,201–250
36455,2,2020,,29.0–32.2,100,2,34.7,201–250
36455,2,2019,,29.0–32.7,100,2,35.3,201–250
36455,2,2023,,28.4–31.8,100,3,71.9,251–300
36455,2,2022,,27.7–30.4,100,3,69.7,251–300
36455,2,2021,,30.5–33.3,100,3,65.9,201–250
36455,2,2020,,29.0–32.2,100,3,61.5,201–250
36455,2,2019,,29.0–32.7,100,3,56.6,201–250
36455,2,2023,,28.4–31.8,100,4,19.2,251–300
36455,2,2022,,27.7–30.4,100,4,14.5,251–300
36455,2,2021,,30.5–33.3,100,4,15,201–250
36455,2,2020,,29.0–32.2,100,4,14.7,201–250
36455,2,2019,,29.0–32.7,100,4,17.5,201–250
36455,2,2023,,28.4–31.8,100,5,18.8,251–300
36455,2,2022,,27.7–30.4,100,5,17.9,251–300
36455,2,2021,,30.5–33.3,100,5,23.1,201–250
36455,2,2020,,29.0–32.2,100,5,19.6,201–250
36455,2,2019,,29.0–32.7,100,5,23.9,201–250
36467,2,2023,,23.7–28.3,100,1,62.4,301–400
36467,2,2022,,27.7–30.4,100,1,70.4,251–300
36467,2,2021,,22.9–27.2,100,1,70,301–400
36467,2,2020,,21.8–25.9,100,1,69.5,301–400
36467,2,2019,,21.5–26.0,100,1,64.6,301–400
36467,2,2023,,23.7–28.3,100,2,33.6,301–400
36467,2,2022,,27.7–30.4,100,2,33.7,251–300
36467,2,2021,,22.9–27.2,100,2,35.9,301–400
36467,2,2020,,21.8–25.9,100,2,35,301–400
36467,2,2019,,21.5–26.0,100,2,35.7,301–400
36467,2,2023,,23.7–28.3,100,3,87,301–400
36467,2,2022,,27.7–30.4,100,3,85.1,251–300
36467,2,2021,,22.9–27.2,100,3,81.4,301–400
36467,2,2020,,21.8–25.9,100,3,74.6,301–400
36467,2,2019,,21.5–26.0,100,3,67.4,301–400
36467,2,2023,,23.7–28.3,100,4,9,301–400
36467,2,2022,,27.7–30.4,100,4,6.8,251–300
36467,2,2021,,22.9–27.2,100,4,6.6,301–400
36467,2,2020,,21.8–25.9,100,4,7.9,301–400
36467,2,2019,,21.5–26.0,100,4,8.4,301–400
36467,2,2023,,23.7–28.3,100,5,14.4,301–400
36467,2,2022,,27.7–30.4,100,5,21.4,251–300
36467,2,2021,,22.9–27.2,100,5,16.3,301–400
36467,2,2020,,21.8–25.9,100,5,7.5,301–400
36467,2,2019,,21.5–26.0,100,5,9,301–400
36487,2,2023,,20.0–23.6,100,1,46.6,401–500
36487,2,2022,,18.6–22.8,100,1,44.5,401–500
36487,2,2021,,22.9–27.2,100,1,49.3,301–400
36487,2,2020,,21.8–25.9,100,1,49.9,301–400
36487,2,2019,,21.5–26.0,100,1,41.4,301–400
36487,2,2023,,20.0–23.6,100,2,33.6,401–500
36487,2,2022,,18.6–22.8,100,2,33.7,401–500
36487,2,2021,,22.9–27.2,100,2,35.3,301–400
36487,2,2020,,21.8–25.9,100,2,34.7,301–400
36487,2,2019,,21.5–26.0,100,2,35.5,301–400
36487,2,2023,,20.0–23.6,100,3,59.4,401–500
36487,2,2022,,18.6–22.8,100,3,59.4,401–500
36487,2,2021,,22.9–27.2,100,3,55.7,301–400
36487,2,2020,,21.8–25.9,100,3,59.1,301–400
36487,2,2019,,21.5–26.0,100,3,62.2,301–400
36487,2,2023,,20.0–23.6,100,4,13,401–500
36487,2,2022,,18.6–22.8,100,4,10.5,401–500
36487,2,2021,,22.9–27.2,100,4,11.6,301–400
36487,2,2020,,21.8–25.9,100,4,12.3,301–400
36487,2,2019,,21.5–26.0,100,4,14.5,301–400
36487,2,2023,,20.0–23.6,100,5,16.4,401–500
36487,2,2022,,18.6–22.8,100,5,16.4,401–500
36487,2,2021,,22.9–27.2,100,5,16.6,301–400
36487,2,2020,,21.8–25.9,100,5,13.6,301–400
36487,2,2019,,21.5–26.0,100,5,14.1,301–400
36496,2,2023,,16.1–19.9,100,1,34.5,501–600
36496,2,2022,,11.4–18.5,100,1,34.4,501+
36496,2,2021,,9.0–17.3,100,1,40.3,501+
36496,2,2020,,10.0–21.7,100,1,44.2,401+
36496,2,2019,,11.2–21.3,100,1,41,401+
36496,2,2023,,16.1–19.9,100,2,33.6,501–600
36496,2,2022,,11.4–18.5,100,2,33.6,501+
36496,2,2021,,9.0–17.3,100,2,35.3,501+
36496,2,2020,,10.0–21.7,100,2,35.1,401+
36496,2,2019,,11.2–21.3,100,2,37.7,401+
36496,2,2023,,16.1–19.9,100,3,50.1,501–600
36496,2,2022,,11.4–18.5,100,3,47.1,501+
36496,2,2021,,9.0–17.3,100,3,43,501+
36496,2,2020,,10.0–21.7,100,3,40.4,401+
36496,2,2019,,11.2–21.3,100,3,35.9,401+
36496,2,2023,,16.1–19.9,100,4,8.9,501–600
36496,2,2022,,11.4–18.5,100,4,8.7,501+
36496,2,2021,,9.0–17.3,100,4,7.7,501+
36496,2,2020,,10.0–21.7,100,4,7.2,401+
36496,2,2019,,11.2–21.3,100,4,11.2,401+
36496,2,2023,,16.1–19.9,100,5,11.5,501–600
36496,2,2022,,11.4–18.5,100,5,10.3,501+
36496,2,2021,,9.0–17.3,100,5,10.9,501+
36496,2,2020,,10.0–21.7,100,5,13.3,401+
36496,2,2019,,11.2–21.3,100,5,16.7,401+
36725,2,2023,,20.0–23.6,100,1,53.8,401–500
36725,2,2022,,11.4–18.5,100,1,48.6,501+
36725,2,2021,,9.0–17.3,100,1,47.9,501+
36725,2,2020,,10.0–21.7,100,1,50.3,401+
36725,2,2019,,11.2–21.3,100,1,54.7,401+
36725,2,2023,,20.0–23.6,100,2,34,401–500
36725,2,2022,,11.4–18.5,100,2,34.3,501+
36725,2,2021,,9.0–17.3,100,2,37.1,501+
36725,2,2020,,10.0–21.7,100,2,36.4,401+
36725,2,2019,,11.2–21.3,100,2,42.9,401+
36725,2,2023,,20.0–23.6,100,3,50.4,401–500
36725,2,2022,,11.4–18.5,100,3,46.6,501+
36725,2,2021,,9.0–17.3,100,3,45.8,501+
36725,2,2020,,10.0–21.7,100,3,45.8,401+
36725,2,2019,,11.2–21.3,100,3,38.9,401+
36725,2,2023,,20.0–23.6,100,4,7.9,401–500
36725,2,2022,,11.4–18.5,100,4,6.9,501+
36725,2,2021,,9.0–17.3,100,4,5.6,501+
36725,2,2020,,10.0–21.7,100,4,6.8,401+
36725,2,2019,,11.2–21.3,100,4,7.3,401+
36725,2,2023,,20.0–23.6,100,5,15.4,401–500
36725,2,2022,,11.4–18.5,100,5,10.3,501+
36725,2,2021,,9.0–17.3,100,5,9.8,501+
36725,2,2020,,10.0–21.7,100,5,8.9,401+
36725,2,2019,,11.2–21.3,100,5,7.1,401+
37144,2,2023,37,64.3,100,1,86,
37144,2,2022,28,70.5,100,1,87,
37144,2,2021,21,72.7,100,1,91.2,
37144,2,2020,28,67.7,100,1,75.8,
37144,2,2019,27,70.5,100,1,75.7,
37144,2,2023,37,64.3,100,2,33.6,
37144,2,2022,28,70.5,100,2,40.8,
37144,2,2021,21,72.7,100,2,35.3,
37144,2,2020,28,67.7,100,2,34.7,
37144,2,2019,27,70.5,100,2,35.3,
37144,2,2023,37,64.3,100,3,82.9,
37144,2,2022,28,70.5,100,3,82.3,
37144,2,2021,21,72.7,100,3,84.3,
37144,2,2020,28,67.7,100,3,86.8,
37144,2,2019,27,70.5,100,3,86,
37144,2,2023,37,64.3,100,4,63.1,
37144,2,2022,28,70.5,100,4,74.6,
37144,2,2021,21,72.7,100,4,73.5,
37144,2,2020,28,67.7,100,4,64.5,
37144,2,2019,27,70.5,100,4,71.5,
37144,2,2023,37,64.3,100,5,55.1,
37144,2,2022,28,70.5,100,5,59.3,
37144,2,2021,21,72.7,100,5,64.6,
37144,2,2020,28,67.7,100,5,65.9,
37144,2,2019,27,70.5,100,5,66.8,
38534,2,2023,42,62.1,100,1,82.8,
38534,2,2022,45,61.5,100,1,86.6,
38534,2,2021,55,57.7,100,1,87.9,
38534,2,2020,50,58.2,100,1,79.3,
38534,2,2019,44,61.5,100,1,81.4,
38534,2,2023,42,62.1,100,2,34,
38534,2,2022,45,61.5,100,2,34,
38534,2,2021,55,57.7,100,2,36,
38534,2,2020,50,58.2,100,2,35.5,
38534,2,2019,44,61.5,100,2,35.9,
38534,2,2023,42,62.1,100,3,71.7,
38534,2,2022,45,61.5,100,3,69.3,
38534,2,2021,55,57.7,100,3,69.8,
38534,2,2020,50,58.2,100,3,72.3,
38534,2,2019,44,61.5,100,3,69.5,
38534,2,2023,42,62.1,100,4,58.2,
38534,2,2022,45,61.5,100,4,58,
38534,2,2021,55,57.7,100,4,55.3,
38534,2,2020,50,58.2,100,4,56.2,
38534,2,2019,44,61.5,100,4,59.7,
38534,2,2023,42,62.1,100,5,57.7,
38534,2,2022,45,61.5,100,5,55.3,
38534,2,2021,55,57.7,100,5,46.9,
38534,2,2020,50,58.2,100,5,50.6,
38534,2,2019,44,61.5,100,5,55.5,
53138,2,2023,,23.7–28.3,100,1,51.4,301–400
53138,2,2022,,22.9–27.6,100,1,40.3,301–400
53138,2,2021,,22.9–27.2,100,1,48.4,301–400
53138,2,2020,,21.8–25.9,100,1,49.1,301–400
53138,2,2019,,21.5–26.0,100,1,46.3,301–400
53138,2,2023,,23.7–28.3,100,2,34.5,301–400
53138,2,2022,,22.9–27.6,100,2,34.9,301–400
53138,2,2021,,22.9–27.2,100,2,35.3,301–400
53138,2,2020,,21.8–25.9,100,2,34.8,301–400
53138,2,2019,,21.5–26.0,100,2,35.4,301–400
53138,2,2023,,23.7–28.3,100,3,68.1,301–400
53138,2,2022,,22.9–27.6,100,3,65.6,301–400
53138,2,2021,,22.9–27.2,100,3,65.9,301–400
53138,2,2020,,21.8–25.9,100,3,68,301–400
53138,2,2019,,21.5–26.0,100,3,67.1,301–400
53138,2,2023,,23.7–28.3,100,4,14.4,301–400
53138,2,2022,,22.9–27.6,100,4,13.4,301–400
53138,2,2021,,22.9–27.2,100,4,14.9,301–400
53138,2,2020,,21.8–25.9,100,4,13.3,301–400
53138,2,2019,,21.5–26.0,100,4,13.3,301–400
53138,2,2023,,23.7–28.3,100,5,15.4,301–400
53138,2,2022,,22.9–27.6,100,5,16.5,301–400
53138,2,2021,,22.9–27.2,100,5,15.7,301–400
53138,2,2020,,21.8–25.9,100,5,14.4,301–400
53138,2,2019,,21.5–26.0,100,5,14.3,301–400
53160,2,2023,,23.7–28.3,100,1,42.1,301–400
53160,2,2022,,22.9–27.6,100,1,35.4,301–400
53160,2,2021,,22.9–27.2,100,1,40.5,301–400
53160,2,2020,,21.8–25.9,100,1,43.3,301–400
53160,2,2019,,21.5–26.0,100,1,45.9,301–400
53160,2,2023,,23.7–28.3,100,2,34.7,301–400
53160,2,2022,,22.9–27.6,100,2,34.2,301–400
53160,2,2021,,22.9–27.2,100,2,35.3,301–400
53160,2,2020,,21.8–25.9,100,2,34.7,301–400
53160,2,2019,,21.5–26.0,100,2,37.4,301–400
53160,2,2023,,23.7–28.3,100,3,76.2,301–400
53160,2,2022,,22.9–27.6,100,3,74.8,301–400
53160,2,2021,,22.9–27.2,100,3,80,301–400
53160,2,2020,,21.8–25.9,100,3,73.8,301–400
53160,2,2019,,21.5–26.0,100,3,70.7,301–400
53160,2,2023,,23.7–28.3,100,4,17.3,301–400
53160,2,2022,,22.9–27.6,100,4,16.4,301–400
53160,2,2021,,22.9–27.2,100,4,14.5,301–400
53160,2,2020,,21.8–25.9,100,4,12.5,301–400
53160,2,2019,,21.5–26.0,100,4,13.7,301–400
53160,2,2023,,23.7–28.3,100,5,18.7,301–400
53160,2,2022,,22.9–27.6,100,5,25.8,301–400
53160,2,2021,,22.9–27.2,100,5,20.2,301–400
53160,2,2020,,21.8–25.9,100,5,19.8,301–400
53160,2,2019,,21.5–26.0,100,5,20.2,301–400
53162,2,2023,,37.6–39.8,100,1,54.5,151–175
53162,2,2022,,36.3–38.5,100,1,52.5,151–175
53162,2,2021,,36.0–38.3,100,1,49.5,151–175
53162,2,2020,,34.4–36.8,100,1,54.3,151–175
53162,2,2019,,32.8–35.4,100,1,47.9,176–200
53162,2,2023,,37.6–39.8,100,2,35.2,151–175
53162,2,2022,,36.3–38.5,100,2,35.4,151–175
53162,2,2021,,36.0–38.3,100,2,41.6,151–175
53162,2,2020,,34.4–36.8,100,2,41.3,151–175
53162,2,2019,,32.8–35.4,100,2,39.6,176–200
53162,2,2023,,37.6–39.8,100,3,80.1,151–175
53162,2,2022,,36.3–38.5,100,3,79.7,151–175
53162,2,2021,,36.0–38.3,100,3,80,151–175
53162,2,2020,,34.4–36.8,100,3,77.9,151–175
53162,2,2019,,32.8–35.4,100,3,77.5,176–200
53162,2,2023,,37.6–39.8,100,4,33.1,151–175
53162,2,2022,,36.3–38.5,100,4,31.8,151–175
53162,2,2021,,36.0–38.3,100,4,30.8,151–175
53162,2,2020,,34.4–36.8,100,4,27.3,151–175
53162,2,2019,,32.8–35.4,100,4,30.4,176–200
53162,2,2023,,37.6–39.8,100,5,27.9,151–175
53162,2,2022,,36.3–38.5,100,5,27.1,151–175
53162,2,2021,,36.0–38.3,100,5,27.7,151–175
53162,2,2020,,34.4–36.8,100,5,26.1,151–175
53162,2,2019,,32.8–35.4,100,5,25.6,176–200
53163,2,2023,,31.9–35.2,100,1,58.2,201–250
53163,2,2022,,22.9–27.6,100,1,38,301–400
53163,2,2021,,22.9–27.2,100,1,40.5,301–400
53163,2,2020,,26.0–28.9,100,1,38.2,251–300
53163,2,2019,,26.4–28.9,100,1,31.4,251–300
53163,2,2023,,31.9–35.2,100,2,33.7,201–250
53163,2,2022,,22.9–27.6,100,2,36.2,301–400
53163,2,2021,,22.9–27.2,100,2,35.6,301–400
53163,2,2020,,26.0–28.9,100,2,35,251–300
53163,2,2019,,26.4–28.9,100,2,35.4,251–300
53163,2,2023,,31.9–35.2,100,3,82.1,201–250
53163,2,2022,,22.9–27.6,100,3,79.1,301–400
53163,2,2021,,22.9–27.2,100,3,81,301–400
53163,2,2020,,26.0–28.9,100,3,73.3,251–300
53163,2,2019,,26.4–28.9,100,3,73,251–300
53163,2,2023,,31.9–35.2,100,4,20,201–250
53163,2,2022,,22.9–27.6,100,4,18.1,301–400
53163,2,2021,,22.9–27.2,100,4,17.1,301–400
53163,2,2020,,26.0–28.9,100,4,16.1,251–300
53163,2,2019,,26.4–28.9,100,4,16.5,251–300
53163,2,2023,,31.9–35.2,100,5,29.8,201–250
53163,2,2022,,22.9–27.6,100,5,21.6,301–400
53163,2,2021,,22.9–27.2,100,5,20.8,301–400
53163,2,2020,,26.0–28.9,100,5,23.8,251–300
53163,2,2019,,26.4–28.9,100,5,24.8,251–300
53168,2,2023,,23.7–28.3,100,1,53.9,301–400
53168,2,2022,,18.6–22.8,100,1,46.3,401–500
53168,2,2021,,22.9–27.2,100,1,56.1,301–400
53168,2,2020,,21.8–25.9,100,1,53.6,301–400
53168,2,2019,,21.5–26.0,100,1,48.7,301–400
53168,2,2023,,23.7–28.3,100,2,36.6,301–400
53168,2,2022,,18.6–22.8,100,2,37.5,401–500
53168,2,2021,,22.9–27.2,100,2,38.2,301–400
53168,2,2020,,21.8–25.9,100,2,41.9,301–400
53168,2,2019,,21.5–26.0,100,2,35.3,301–400
53168,2,2023,,23.7–28.3,100,3,75.3,301–400
53168,2,2022,,18.6–22.8,100,3,66.1,401–500
53168,2,2021,,22.9–27.2,100,3,73.6,301–400
53168,2,2020,,21.8–25.9,100,3,78.7,301–400
53168,2,2019,,21.5–26.0,100,3,79.1,301–400
53168,2,2023,,23.7–28.3,100,4,17.2,301–400
53168,2,2022,,18.6–22.8,100,4,8.9,401–500
53168,2,2021,,22.9–27.2,100,4,10.7,301–400
53168,2,2020,,21.8–25.9,100,4,11.1,301–400
53168,2,2019,,21.5–26.0,100,4,11.3,301–400
53168,2,2023,,23.7–28.3,100,5,16.9,301–400
53168,2,2022,,18.6–22.8,100,5,10.1,401–500
53168,2,2021,,22.9–27.2,100,5,11.9,301–400
53168,2,2020,,21.8–25.9,100,5,11.7,301–400
53168,2,2019,,21.5–26.0,100,5,11.9,301–400
53189,2,2023,,28.4–31.8,100,1,72.4,251–300
53189,2,2023,,28.4–31.8,100,2,39.1,251–300
53189,2,2023,,28.4–31.8,100,3,78.9,251–300
53189,2,2023,,28.4–31.8,100,4,14.5,251–300
53189,2,2023,,28.4–31.8,100,5,20.3,251–300
53190,2,2023,,16.1–19.9,100,1,46.4,501–600
53190,2,2022,,18.6–22.8,100,1,48.2,401–500
53190,2,2021,,17.4–22.8,100,1,53.2,401–500
53190,2,2020,,10.0–21.7,100,1,53.2,401+
53190,2,2019,,21.5–26.0,100,1,50.6,301–400
53190,2,2023,,16.1–19.9,100,2,33.9,501–600
53190,2,2022,,18.6–22.8,100,2,33.9,401–500
53190,2,2021,,17.4–22.8,100,2,35.6,401–500
53190,2,2020,,10.0–21.7,100,2,35.5,401+
53190,2,2019,,21.5–26.0,100,2,35.8,301–400
53190,2,2023,,16.1–19.9,100,3,56.5,501–600
53190,2,2022,,18.6–22.8,100,3,51.5,401–500
53190,2,2021,,17.4–22.8,100,3,54.7,401–500
53190,2,2020,,10.0–21.7,100,3,52.4,401+
53190,2,2019,,21.5–26.0,100,3,52.8,301–400
53190,2,2023,,16.1–19.9,100,4,7.3,501–600
53190,2,2022,,18.6–22.8,100,4,7.5,401–500
53190,2,2021,,17.4–22.8,100,4,9.4,401–500
53190,2,2020,,10.0–21.7,100,4,12.2,401+
53190,2,2019,,21.5–26.0,100,4,15.7,301–400
53190,2,2023,,16.1–19.9,100,5,9.7,501–600
53190,2,2022,,18.6–22.8,100,5,12.3,401–500
53190,2,2021,,17.4–22.8,100,5,11.9,401–500
53190,2,2020,,10.0–21.7,100,5,11.2,401+
53190,2,2019,,21.5–26.0,100,5,15.4,301–400
53193,2,2023,,23.7–28.3,100,1,77.3,301–400
53193,2,2022,,27.7–30.4,100,1,80.9,251–300
53193,2,2021,,22.9–27.2,100,1,81.1,301–400
53193,2,2020,,21.8–25.9,100,1,70.1,301–400
53193,2,2019,,26.4–28.9,100,1,68.4,251–300
53193,2,2023,,23.7–28.3,100,2,33.6,301–400
53193,2,2022,,27.7–30.4,100,2,33.6,251–300
53193,2,2021,,22.9–27.2,100,2,35.3,301–400
53193,2,2020,,21.8–25.9,100,2,34.7,301–400
53193,2,2019,,26.4–28.9,100,2,35.3,251–300
53193,2,2023,,23.7–28.3,100,3,68,301–400
53193,2,2022,,27.7–30.4,100,3,67.5,251–300
53193,2,2021,,22.9–27.2,100,3,63.1,301–400
53193,2,2020,,21.8–25.9,100,3,66.4,301–400
53193,2,2019,,26.4–28.9,100,3,63.9,251–300
53193,2,2023,,23.7–28.3,100,4,15.8,301–400
53193,2,2022,,27.7–30.4,100,4,16.5,251–300
53193,2,2021,,22.9–27.2,100,4,12.7,301–400
53193,2,2020,,21.8–25.9,100,4,13.4,301–400
53193,2,2019,,26.4–28.9,100,4,16,251–300
53193,2,2023,,23.7–28.3,100,5,12.8,301–400
53193,2,2022,,27.7–30.4,100,5,16.5,251–300
53193,2,2021,,22.9–27.2,100,5,11.1,301–400
53193,2,2020,,21.8–25.9,100,5,11.1,301–400
53193,2,2019,,26.4–28.9,100,5,12.6,251–300
53196,2,2023,,23.7–28.3,100,1,45.8,301–400
53196,2,2022,,18.6–22.8,100,1,43.3,401–500
53196,2,2021,,17.4–22.8,100,1,39.9,401–500
53196,2,2020,,21.8–25.9,100,1,49,301–400
53196,2,2019,,21.5–26.0,100,1,49.3,301–400
53196,2,2023,,23.7–28.3,100,2,33.8,301–400
53196,2,2022,,18.6–22.8,100,2,34.5,401–500
53196,2,2021,,17.4–22.8,100,2,35.6,401–500
53196,2,2020,,21.8–25.9,100,2,35.4,301–400
53196,2,2019,,21.5–26.0,100,2,37.2,301–400
53196,2,2023,,23.7–28.3,100,3,55.6,301–400
53196,2,2022,,18.6–22.8,100,3,45.7,401–500
53196,2,2021,,17.4–22.8,100,3,47.3,401–500
53196,2,2020,,21.8–25.9,100,3,47.8,301–400
53196,2,2019,,21.5–26.0,100,3,47.3,301–400
53196,2,2023,,23.7–28.3,100,4,13.8,301–400
53196,2,2022,,18.6–22.8,100,4,10.8,401–500
53196,2,2021,,17.4–22.8,100,4,9.5,401–500
53196,2,2020,,21.8–25.9,100,4,11,301–400
53196,2,2019,,21.5–26.0,100,4,12,301–400
53196,2,2023,,23.7–28.3,100,5,19.9,301–400
53196,2,2022,,18.6–22.8,100,5,14.9,401–500
53196,2,2021,,17.4–22.8,100,5,19.5,401–500
53196,2,2020,,21.8–25.9,100,5,21.3,301–400
53196,2,2019,,21.5–26.0,100,5,16.5,301–400
53233,2,2023,,16.1–19.9,100,1,52.4,501–600
53233,2,2023,,16.1–19.9,100,2,33.6,501–600
53233,2,2023,,16.1–19.9,100,3,32.2,501–600
53233,2,2023,,16.1–19.9,100,4,8.3,501–600
53233,2,2023,,16.1–19.9,100,5,11.3,501–600
53235,2,2023,,16.1–19.9,100,1,34.4,501–600
53235,2,2022,,18.6–22.8,100,1,28.3,401–500
53235,2,2021,,17.4–22.8,100,1,29.7,401–500
53235,2,2020,,10.0–21.7,100,1,33,401+
53235,2,2019,,21.5–26.0,100,1,34.5,301–400
53235,2,2023,,16.1–19.9,100,2,33.9,501–600
53235,2,2022,,18.6–22.8,100,2,33.6,401–500
53235,2,2021,,17.4–22.8,100,2,35.4,401–500
53235,2,2020,,10.0–21.7,100,2,34.9,401+
53235,2,2019,,21.5–26.0,100,2,35.5,301–400
53235,2,2023,,16.1–19.9,100,3,63.5,501–600
53235,2,2022,,18.6–22.8,100,3,58.7,401–500
53235,2,2021,,17.4–22.8,100,3,56.1,401–500
53235,2,2020,,10.0–21.7,100,3,53.7,401+
53235,2,2019,,21.5–26.0,100,3,52.8,301–400
53235,2,2023,,16.1–19.9,100,4,7.6,501–600
53235,2,2022,,18.6–22.8,100,4,12.2,401–500
53235,2,2021,,17.4–22.8,100,4,13.4,401–500
53235,2,2020,,10.0–21.7,100,4,12.5,401+
53235,2,2019,,21.5–26.0,100,4,17.2,301–400
53235,2,2023,,16.1–19.9,100,5,12.9,501–600
53235,2,2022,,18.6–22.8,100,5,14.4,401–500
53235,2,2021,,17.4–22.8,100,5,8.9,401–500
53235,2,2020,,10.0–21.7,100,5,12.5,401+
53235,2,2019,,21.5–26.0,100,5,13.3,301–400
53244,2,2023,,16.1–19.9,100,1,62.2,501–600
53244,2,2022,,11.4–18.5,100,1,53.4,501+
53244,2,2021,,9.0–17.3,100,1,42.9,501+
53244,2,2023,,16.1–19.9,100,2,33.9,501–600
53244,2,2022,,11.4–18.5,100,2,34.9,501+
53244,2,2021,,9.0–17.3,100,2,36,501+
53244,2,2023,,16.1–19.9,100,3,31,501–600
53244,2,2022,,11.4–18.5,100,3,31.1,501+
53244,2,2021,,9.0–17.3,100,3,30.4,501+
53244,2,2023,,16.1–19.9,100,4,10.1,501–600
53244,2,2022,,11.4–18.5,100,4,7.3,501+
53244,2,2021,,9.0–17.3,100,4,6.9,501+
53244,2,2023,,16.1–19.9,100,5,9.3,501–600
53244,2,2022,,11.4–18.5,100,5,9.3,501+
53244,2,2021,,9.0–17.3,100,5,9.7,501+
53257,2,2023,,35.3–37.4,100,1,66.4,176–200
53257,2,2022,,27.7–30.4,100,1,65.3,251–300
53257,2,2021,,36.0–38.3,100,1,81.7,151–175
53257,2,2020,,36.9–40.3,100,1,69.2,126–150
53257,2,2019,,29.0–32.7,100,1,69.6,201–250
53257,2,2023,,35.3–37.4,100,2,36,176–200
53257,2,2022,,27.7–30.4,100,2,37.1,251–300
53257,2,2021,,36.0–38.3,100,2,39.8,151–175
53257,2,2020,,36.9–40.3,100,2,44.8,126–150
53257,2,2019,,29.0–32.7,100,2,38,201–250
53257,2,2023,,35.3–37.4,100,3,69.9,176–200
53257,2,2022,,27.7–30.4,100,3,65.8,251–300
53257,2,2021,,36.0–38.3,100,3,61.8,151–175
53257,2,2020,,36.9–40.3,100,3,54.6,126–150
53257,2,2019,,29.0–32.7,100,3,48.4,201–250
53257,2,2023,,35.3–37.4,100,4,24.2,176–200
53257,2,2022,,27.7–30.4,100,4,15.1,251–300
53257,2,2021,,36.0–38.3,100,4,23,151–175
53257,2,2020,,36.9–40.3,100,4,24.1,126–150
53257,2,2019,,29.0–32.7,100,4,19,201–250
53257,2,2023,,35.3–37.4,100,5,28,176–200
53257,2,2022,,27.7–30.4,100,5,17.3,251–300
53257,2,2021,,36.0–38.3,100,5,27.7,151–175
53257,2,2020,,36.9–40.3,100,5,34.6,126–150
53257,2,2019,,29.0–32.7,100,5,24.8,201–250
53258,2,2023,,16.1–19.9,100,1,49.1,501–600
53258,2,2022,,18.6–22.8,100,1,54.4,401–500
53258,2,2021,,22.9–27.2,100,1,60.7,301–400
53258,2,2020,,21.8–25.9,100,1,59.8,301–400
53258,2,2019,,21.5–26.0,100,1,59.6,301–400
53258,2,2023,,16.1–19.9,100,2,33.7,501–600
53258,2,2022,,18.6–22.8,100,2,33.7,401–500
53258,2,2021,,22.9–27.2,100,2,35.5,301–400
53258,2,2020,,21.8–25.9,100,2,35,301–400
53258,2,2019,,21.5–26.0,100,2,35.3,301–400
53258,2,2023,,16.1–19.9,100,3,36.8,501–600
53258,2,2022,,18.6–22.8,100,3,36.5,401–500
53258,2,2021,,22.9–27.2,100,3,33.1,301–400
53258,2,2020,,21.8–25.9,100,3,34.1,301–400
53258,2,2019,,21.5–26.0,100,3,32.5,301–400
53258,2,2023,,16.1–19.9,100,4,9.5,501–600
53258,2,2022,,18.6–22.8,100,4,10.9,401–500
53258,2,2021,,22.9–27.2,100,4,11.5,301–400
53258,2,2020,,21.8–25.9,100,4,11.5,301–400
53258,2,2019,,21.5–26.0,100,4,14.4,301–400
53258,2,2023,,16.1–19.9,100,5,14,501–600
53258,2,2022,,18.6–22.8,100,5,14.3,401–500
53258,2,2021,,22.9–27.2,100,5,17.7,301–400
53258,2,2020,,21.8–25.9,100,5,16.6,301–400
53258,2,2019,,21.5–26.0,100,5,15.6,301–400
53261,2,2023,,20.0–23.6,100,1,57,401–500
53261,2,2022,,18.6–22.8,100,1,53.6,401–500
53261,2,2021,,17.4–22.8,100,1,66.3,401–500
53261,2,2020,,10.0–21.7,100,1,60.9,401+
53261,2,2019,,21.5–26.0,100,1,74.2,301–400
53261,2,2023,,20.0–23.6,100,2,33.6,401–500
53261,2,2022,,18.6–22.8,100,2,33.6,401–500
53261,2,2021,,17.4–22.8,100,2,35.3,401–500
53261,2,2020,,10.0–21.7,100,2,34.7,401+
53261,2,2019,,21.5–26.0,100,2,35.6,301–400
53261,2,2023,,20.0–23.6,100,3,69,401–500
53261,2,2022,,18.6–22.8,100,3,61.7,401–500
53261,2,2021,,17.4–22.8,100,3,66.1,401–500
53261,2,2020,,10.0–21.7,100,3,66.3,401+
53261,2,2019,,21.5–26.0,100,3,65.9,301–400
53261,2,2023,,20.0–23.6,100,4,5.8,401–500
53261,2,2022,,18.6–22.8,100,4,6,401–500
53261,2,2021,,17.4–22.8,100,4,6.1,401–500
53261,2,2020,,10.0–21.7,100,4,6,401+
53261,2,2019,,21.5–26.0,100,4,7.1,301–400
53261,2,2023,,20.0–23.6,100,5,13.6,401–500
53261,2,2022,,18.6–22.8,100,5,11.6,401–500
53261,2,2021,,17.4–22.8,100,5,11.5,401–500
53261,2,2020,,10.0–21.7,100,5,11.8,401+
53261,2,2019,,21.5–26.0,100,5,12.8,301–400
53270,2,2023,,23.7–28.3,100,1,61.3,301–400
53270,2,2022,,18.6–22.8,100,1,60.2,401–500
53270,2,2021,,22.9–27.2,100,1,69.6,301–400
53270,2,2020,,21.8–25.9,100,1,71.2,301–400
53270,2,2019,,21.5–26.0,100,1,75.7,301–400
53270,2,2023,,23.7–28.3,100,2,34.2,301–400
53270,2,2022,,18.6–22.8,100,2,34.4,401–500
53270,2,2021,,22.9–27.2,100,2,35.8,301–400
53270,2,2020,,21.8–25.9,100,2,36.1,301–400
53270,2,2019,,21.5–26.0,100,2,36,301–400
53270,2,2023,,23.7–28.3,100,3,56.8,301–400
53270,2,2022,,18.6–22.8,100,3,49.7,401–500
53270,2,2021,,22.9–27.2,100,3,45.4,301–400
53270,2,2020,,21.8–25.9,100,3,43.8,301–400
53270,2,2019,,21.5–26.0,100,3,39,301–400
53270,2,2023,,23.7–28.3,100,4,9.7,301–400
53270,2,2022,,18.6–22.8,100,4,4.4,401–500
53270,2,2021,,22.9–27.2,100,4,6.4,301–400
53270,2,2020,,21.8–25.9,100,4,10.6,301–400
53270,2,2019,,21.5–26.0,100,4,10.2,301–400
53270,2,2023,,23.7–28.3,100,5,15.6,301–400
53270,2,2022,,18.6–22.8,100,5,19.7,401–500
53270,2,2021,,22.9–27.2,100,5,20.3,301–400
53270,2,2020,,21.8–25.9,100,5,11.9,301–400
53270,2,2019,,21.5–26.0,100,5,10,301–400
53271,2,2023,46,60.3,100,1,66.4,
53271,2,2022,36,65.5,100,1,55.6,
53271,2,2021,39,63.5,100,1,49.1,
53271,2,2020,47,59,100,1,52,
53271,2,2019,54,58.4,100,1,55.1,
53271,2,2023,46,60.3,100,2,34.2,
53271,2,2022,36,65.5,100,2,34.7,
53271,2,2021,39,63.5,100,2,36,
53271,2,2020,47,59,100,2,35,
53271,2,2019,54,58.4,100,2,35.5,
53271,2,2023,46,60.3,100,3,70,
53271,2,2022,36,65.5,100,3,71.6,
53271,2,2021,39,63.5,100,3,72.2,
53271,2,2020,47,59,100,3,75.7,
53271,2,2019,54,58.4,100,3,75.1,
53271,2,2023,46,60.3,100,4,56.8,
53271,2,2022,36,65.5,100,4,67.1,
53271,2,2021,39,63.5,100,4,67.6,
53271,2,2020,47,59,100,4,56.8,
53271,2,2019,54,58.4,100,4,55.9,
53271,2,2023,46,60.3,100,5,61.3,
53271,2,2022,36,65.5,100,5,68.8,
53271,2,2021,39,63.5,100,5,65.2,
53271,2,2020,47,59,100,5,62.3,
53271,2,2019,54,58.4,100,5,60.3,
53276,2,2023,,40.0–43.5,100,1,71.4,126–150
53276,2,2022,,38.7–42.3,100,1,81.2,126–150
53276,2,2021,,38.5–41.5,100,1,72.8,126–150
53276,2,2020,,34.4–36.8,100,1,65.5,151–175
53276,2,2019,,38.2–41.0,100,1,74.1,126–150
53276,2,2023,,40.0–43.5,100,2,33.7,126–150
53276,2,2022,,38.7–42.3,100,2,33.9,126–150
53276,2,2021,,38.5–41.5,100,2,36,126–150
53276,2,2020,,34.4–36.8,100,2,35.9,151–175
53276,2,2019,,38.2–41.0,100,2,35.7,126–150
53276,2,2023,,40.0–43.5,100,3,76.6,126–150
53276,2,2022,,38.7–42.3,100,3,76.5,126–150
53276,2,2021,,38.5–41.5,100,3,74,126–150
53276,2,2020,,34.4–36.8,100,3,72.6,151–175
53276,2,2019,,38.2–41.0,100,3,68.4,126–150
53276,2,2023,,40.0–43.5,100,4,31.5,126–150
53276,2,2022,,38.7–42.3,100,4,28.3,126–150
53276,2,2021,,38.5–41.5,100,4,24.5,126–150
53276,2,2020,,34.4–36.8,100,4,21.1,151–175
53276,2,2019,,38.2–41.0,100,4,27,126–150
53276,2,2023,,40.0–43.5,100,5,38.3,126–150
53276,2,2022,,38.7–42.3,100,5,31.9,126–150
53276,2,2021,,38.5–41.5,100,5,34,126–150
53276,2,2020,,34.4–36.8,100,5,33.1,151–175
53276,2,2019,,38.2–41.0,100,5,33.2,126–150
53282,2,2023,,40.0–43.5,100,1,64.4,126–150
53282,2,2022,,36.3–38.5,100,1,68,151–175
53282,2,2021,,36.0–38.3,100,1,76.3,151–175
53282,2,2020,,34.4–36.8,100,1,69.9,151–175
53282,2,2019,,32.8–35.4,100,1,67.3,176–200
53282,2,2023,,40.0–43.5,100,2,34.1,126–150
53282,2,2022,,36.3–38.5,100,2,34.2,151–175
53282,2,2021,,36.0–38.3,100,2,35.4,151–175
53282,2,2020,,34.4–36.8,100,2,35.4,151–175
53282,2,2019,,32.8–35.4,100,2,36.4,176–200
53282,2,2023,,40.0–43.5,100,3,67.3,126–150
53282,2,2022,,36.3–38.5,100,3,70.1,151–175
53282,2,2021,,36.0–38.3,100,3,70.8,151–175
53282,2,2020,,34.4–36.8,100,3,68,151–175
53282,2,2019,,32.8–35.4,100,3,63.3,176–200
53282,2,2023,,40.0–43.5,100,4,35.1,126–150
53282,2,2022,,36.3–38.5,100,4,27,151–175
53282,2,2021,,36.0–38.3,100,4,26.3,151–175
53282,2,2020,,34.4–36.8,100,4,25.3,151–175
53282,2,2019,,32.8–35.4,100,4,26.3,176–200
53282,2,2023,,40.0–43.5,100,5,34,126–150
53282,2,2022,,36.3–38.5,100,5,26.7,151–175
53282,2,2021,,36.0–38.3,100,5,28.4,151–175
53282,2,2020,,34.4–36.8,100,5,27,151–175
53282,2,2019,,32.8–35.4,100,5,25.6,176–200
53283,2,2023,,35.3–37.4,100,1,63.3,176–200
53283,2,2022,,34.1–36.2,100,1,62.5,176–200
53283,2,2021,,36.0–38.3,100,1,62.3,151–175
53283,2,2020,,32.5–34.0,100,1,61.5,176–200
53283,2,2019,,35.5–38.1,100,1,69.8,151–175
53283,2,2023,,35.3–37.4,100,2,33.6,176–200
53283,2,2022,,34.1–36.2,100,2,33.8,176–200
53283,2,2021,,36.0–38.3,100,2,35.8,151–175
53283,2,2020,,32.5–34.0,100,2,35,176–200
53283,2,2019,,35.5–38.1,100,2,35.7,151–175
53283,2,2023,,35.3–37.4,100,3,70.6,176–200
53283,2,2022,,34.1–36.2,100,3,76.3,176–200
53283,2,2021,,36.0–38.3,100,3,76.2,151–175
53283,2,2020,,32.5–34.0,100,3,81.5,176–200
53283,2,2019,,35.5–38.1,100,3,81,151–175
53283,2,2023,,35.3–37.4,100,4,27.9,176–200
53283,2,2022,,34.1–36.2,100,4,22.9,176–200
53283,2,2021,,36.0–38.3,100,4,26.1,151–175
53283,2,2020,,32.5–34.0,100,4,22.6,176–200
53283,2,2019,,35.5–38.1,100,4,25.9,151–175
53283,2,2023,,35.3–37.4,100,5,26.1,176–200
53283,2,2022,,34.1–36.2,100,5,29.1,176–200
53283,2,2021,,36.0–38.3,100,5,31.6,151–175
53283,2,2020,,32.5–34.0,100,5,25,176–200
53283,2,2019,,35.5–38.1,100,5,27,151–175
53285,2,2023,,31.9–35.2,100,1,76.5,201–250
53285,2,2022,,36.3–38.5,100,1,73.3,151–175
53285,2,2021,,33.6–35.9,100,1,79.2,176–200
53285,2,2020,,34.4–36.8,100,1,70.7,151–175
53285,2,2019,,35.5–38.1,100,1,65.4,151–175
53285,2,2023,,31.9–35.2,100,2,33.6,201–250
53285,2,2022,,36.3–38.5,100,2,33.6,151–175
53285,2,2021,,33.6–35.9,100,2,35.3,176–200
53285,2,2020,,34.4–36.8,100,2,34.7,151–175
53285,2,2019,,35.5–38.1,100,2,35.3,151–175
53285,2,2023,,31.9–35.2,100,3,59.7,201–250
53285,2,2022,,36.3–38.5,100,3,55.1,151–175
53285,2,2021,,33.6–35.9,100,3,53.1,176–200
53285,2,2020,,34.4–36.8,100,3,54.9,151–175
53285,2,2019,,35.5–38.1,100,3,54.5,151–175
53285,2,2023,,31.9–35.2,100,4,22,201–250
53285,2,2022,,36.3–38.5,100,4,26.1,151–175
53285,2,2021,,33.6–35.9,100,4,22.1,176–200
53285,2,2020,,34.4–36.8,100,4,21,151–175
53285,2,2019,,35.5–38.1,100,4,28.1,151–175
53285,2,2023,,31.9–35.2,100,5,25.6,201–250
53285,2,2022,,36.3–38.5,100,5,28.2,151–175
53285,2,2021,,33.6–35.9,100,5,24.2,176–200
53285,2,2020,,34.4–36.8,100,5,29.7,151–175
53285,2,2019,,35.5–38.1,100,5,29.3,151–175
53286,2,2023,,23.7–28.3,100,1,72.6,301–400
53286,2,2022,,18.6–22.8,100,1,65.5,401–500
53286,2,2021,,17.4–22.8,100,1,66.5,401–500
53286,2,2020,,10.0–21.7,100,1,59.3,401+
53286,2,2019,,11.2–21.3,100,1,58.3,401+
53286,2,2023,,23.7–28.3,100,2,34.3,301–400
53286,2,2022,,18.6–22.8,100,2,35,401–500
53286,2,2021,,17.4–22.8,100,2,36.4,401–500
53286,2,2020,,10.0–21.7,100,2,36.3,401+
53286,2,2019,,11.2–21.3,100,2,37.3,401+
53286,2,2023,,23.7–28.3,100,3,38.9,301–400
53286,2,2022,,18.6–22.8,100,3,30.1,401–500
53286,2,2021,,17.4–22.8,100,3,30.3,401–500
53286,2,2020,,10.0–21.7,100,3,30.9,401+
53286,2,2019,,11.2–21.3,100,3,27.5,401+
53286,2,2023,,23.7–28.3,100,4,10.5,301–400
53286,2,2022,,18.6–22.8,100,4,7.3,401–500
53286,2,2021,,17.4–22.8,100,4,9.7,401–500
53286,2,2020,,10.0–21.7,100,4,10.9,401+
53286,2,2019,,11.2–21.3,100,4,10.2,401+
53286,2,2023,,23.7–28.3,100,5,14.6,301–400
53286,2,2022,,18.6–22.8,100,5,11.9,401–500
53286,2,2021,,17.4–22.8,100,5,10.8,401–500
53286,2,2020,,10.0–21.7,100,5,11.1,401+
53286,2,2019,,11.2–21.3,100,5,11.1,401+
53293,2,2023,,35.3–37.4,100,1,92.3,176–200
53293,2,2022,,30.6–34.0,100,1,92.7,201–250
53293,2,2023,,35.3–37.4,100,2,36,176–200
53293,2,2022,,30.6–34.0,100,2,33.3,201–250
53293,2,2023,,35.3–37.4,100,3,93.1,176–200
53293,2,2022,,30.6–34.0,100,3,91.3,201–250
53293,2,2023,,35.3–37.4,100,4,17.3,176–200
53293,2,2022,,30.6–34.0,100,4,9.9,201–250
53293,2,2023,,35.3–37.4,100,5,24.1,176–200
53293,2,2022,,30.6–34.0,100,5,14.8,201–250
53294,2,2023,61,54.7,100,1,85.4,
53294,2,2022,87,49.5,100,1,84.5,
53294,2,2021,95,47.8,100,1,81.2,
53294,2,2020,92,45.8,100,1,71,
53294,2,2019,87,47.8,100,1,71.6,
53294,2,2023,61,54.7,100,2,33.6,
53294,2,2022,87,49.5,100,2,33.6,
53294,2,2021,95,47.8,100,2,35.3,
53294,2,2020,92,45.8,100,2,34.8,
53294,2,2019,87,47.8,100,2,35.8,
53294,2,2023,61,54.7,100,3,80.2,
53294,2,2022,87,49.5,100,3,77.5,
53294,2,2021,95,47.8,100,3,77.6,
53294,2,2020,92,45.8,100,3,80.1,
53294,2,2019,87,47.8,100,3,75.8,
53294,2,2023,61,54.7,100,4,42.4,
53294,2,2022,87,49.5,100,4,36.9,
53294,2,2021,95,47.8,100,4,40.6,
53294,2,2020,92,45.8,100,4,36.6,
53294,2,2019,87,47.8,100,4,36.4,
53294,2,2023,61,54.7,100,5,51.1,
53294,2,2022,87,49.5,100,5,43.7,
53294,2,2021,95,47.8,100,5,36.5,
53294,2,2020,92,45.8,100,5,38.6,
53294,2,2019,87,47.8,100,5,45,
53295,2,2023,,23.7–28.3,100,1,53.1,301–400
53295,2,2022,,22.9–27.6,100,1,53.9,301–400
53295,2,2021,,17.4–22.8,100,1,46.5,401–500
53295,2,2020,,21.8–25.9,100,1,53.3,301–400
53295,2,2019,,21.5–26.0,100,1,60.5,301–400
53295,2,2023,,23.7–28.3,100,2,33.6,301–400
53295,2,2022,,22.9–27.6,100,2,33.6,301–400
53295,2,2021,,17.4–22.8,100,2,35.3,401–500
53295,2,2020,,21.8–25.9,100,2,34.9,301–400
53295,2,2019,,21.5–26.0,100,2,35.3,301–400
53295,2,2023,,23.7–28.3,100,3,66.1,301–400
53295,2,2022,,22.9–27.6,100,3,61,301–400
53295,2,2021,,17.4–22.8,100,3,58,401–500
53295,2,2020,,21.8–25.9,100,3,58.7,301–400
53295,2,2019,,21.5–26.0,100,3,62.7,301–400
53295,2,2023,,23.7–28.3,100,4,13.9,301–400
53295,2,2022,,22.9–27.6,100,4,10.7,301–400
53295,2,2021,,17.4–22.8,100,4,12.9,401–500
53295,2,2020,,21.8–25.9,100,4,13.4,301–400
53295,2,2019,,21.5–26.0,100,4,11.4,301–400
53295,2,2023,,23.7–28.3,100,5,20.2,301–400
53295,2,2022,,22.9–27.6,100,5,16.8,301–400
53295,2,2021,,17.4–22.8,100,5,15.3,401–500
53295,2,2020,,21.8–25.9,100,5,16.6,301–400
53295,2,2019,,21.5–26.0,100,5,13.7,301–400
53296,2,2023,,23.7–28.3,100,1,41.1,301–400
53296,2,2022,,18.6–22.8,100,1,39.6,401–500
53296,2,2021,,17.4–22.8,100,1,44.9,401–500
53296,2,2020,,21.8–25.9,100,1,47.9,301–400
53296,2,2019,,29.0–32.7,100,1,53.2,201–250
53296,2,2023,,23.7–28.3,100,2,34.9,301–400
53296,2,2022,,18.6–22.8,100,2,35.6,401–500
53296,2,2021,,17.4–22.8,100,2,38.2,401–500
53296,2,2020,,21.8–25.9,100,2,35,301–400
53296,2,2019,,29.0–32.7,100,2,36.4,201–250
53296,2,2023,,23.7–28.3,100,3,59.6,301–400
53296,2,2022,,18.6–22.8,100,3,54.5,401–500
53296,2,2021,,17.4–22.8,100,3,52.9,401–500
53296,2,2020,,21.8–25.9,100,3,56.5,301–400
53296,2,2019,,29.0–32.7,100,3,56.7,201–250
53296,2,2023,,23.7–28.3,100,4,20.6,301–400
53296,2,2022,,18.6–22.8,100,4,13.8,401–500
53296,2,2021,,17.4–22.8,100,4,9.7,401–500
53296,2,2020,,21.8–25.9,100,4,14.6,301–400
53296,2,2019,,29.0–32.7,100,4,19.6,201–250
53296,2,2023,,23.7–28.3,100,5,20.1,301–400
53296,2,2022,,18.6–22.8,100,5,16.7,401–500
53296,2,2021,,17.4–22.8,100,5,18.4,401–500
53296,2,2020,,21.8–25.9,100,5,21,301–400
53296,2,2019,,29.0–32.7,100,5,24.6,201–250
53297,2,2023,,35.3–37.4,100,1,64.5,176–200
53297,2,2022,,36.3–38.5,100,1,68.7,151–175
53297,2,2021,,30.5–33.3,100,1,73.5,201–250
53297,2,2020,,29.0–32.2,100,1,67,201–250
53297,2,2019,,26.4–28.9,100,1,72.1,251–300
53297,2,2023,,35.3–37.4,100,2,33.7,176–200
53297,2,2022,,36.3–38.5,100,2,33.6,151–175
53297,2,2021,,30.5–33.3,100,2,35.3,201–250
53297,2,2020,,29.0–32.2,100,2,34.7,201–250
53297,2,2019,,26.4–28.9,100,2,35.3,251–300
53297,2,2023,,35.3–37.4,100,3,84.9,176–200
53297,2,2022,,36.3–38.5,100,3,86.3,151–175
53297,2,2021,,30.5–33.3,100,3,88.6,201–250
53297,2,2020,,29.0–32.2,100,3,89.5,201–250
53297,2,2019,,26.4–28.9,100,3,88.1,251–300
53297,2,2023,,35.3–37.4,100,4,22.8,176–200
53297,2,2022,,36.3–38.5,100,4,25.4,151–175
53297,2,2021,,30.5–33.3,100,4,18.4,201–250
53297,2,2020,,29.0–32.2,100,4,12.4,201–250
53297,2,2019,,26.4–28.9,100,4,9.9,251–300
53297,2,2023,,35.3–37.4,100,5,27.4,176–200
53297,2,2022,,36.3–38.5,100,5,25,151–175
53297,2,2021,,30.5–33.3,100,5,20.8,201–250
53297,2,2020,,29.0–32.2,100,5,21.3,201–250
53297,2,2019,,26.4–28.9,100,5,18.3,251–300
53298,2,2023,,28.4–31.8,100,1,73,251–300
53298,2,2022,,30.6–34.0,100,1,84,201–250
53298,2,2021,,27.3–30.4,100,1,84.4,251–300
53298,2,2023,,28.4–31.8,100,2,33.7,251–300
53298,2,2022,,30.6–34.0,100,2,33.6,201–250
53298,2,2021,,27.3–30.4,100,2,35.3,251–300
53298,2,2023,,28.4–31.8,100,3,96.5,251–300
53298,2,2022,,30.6–34.0,100,3,94.8,201–250
53298,2,2021,,27.3–30.4,100,3,94.4,251–300
53298,2,2023,,28.4–31.8,100,4,13.4,251–300
53298,2,2022,,30.6–34.0,100,4,10.1,201–250
53298,2,2021,,27.3–30.4,100,4,10.1,251–300
53298,2,2023,,28.4–31.8,100,5,17,251–300
53298,2,2022,,30.6–34.0,100,5,17.6,201–250
53298,2,2021,,27.3–30.4,100,5,13,251–300
53299,2,2023,,16.1–19.9,100,1,39,501–600
53299,2,2022,,18.6–22.8,100,1,37.9,401–500
53299,2,2021,,17.4–22.8,100,1,44.7,401–500
53299,2,2020,,10.0–21.7,100,1,46,401+
53299,2,2019,,11.2–21.3,100,1,35.1,401+
53299,2,2023,,16.1–19.9,100,2,34.1,501–600
53299,2,2022,,18.6–22.8,100,2,35.2,401–500
53299,2,2021,,17.4–22.8,100,2,36.2,401–500
53299,2,2020,,10.0–21.7,100,2,37.1,401+
53299,2,2019,,11.2–21.3,100,2,37,401+
53299,2,2023,,16.1–19.9,100,3,65.3,501–600
53299,2,2022,,18.6–22.8,100,3,66.3,401–500
53299,2,2021,,17.4–22.8,100,3,69.3,401–500
53299,2,2020,,10.0–21.7,100,3,73.8,401+
53299,2,2019,,11.2–21.3,100,3,71.7,401+
53299,2,2023,,16.1–19.9,100,4,13.5,501–600
53299,2,2022,,18.6–22.8,100,4,12,401–500
53299,2,2021,,17.4–22.8,100,4,10.3,401–500
53299,2,2020,,10.0–21.7,100,4,8.1,401+
53299,2,2019,,11.2–21.3,100,4,8.1,401+
53299,2,2023,,16.1–19.9,100,5,8.2,501–600
53299,2,2022,,18.6–22.8,100,5,8.8,401–500
53299,2,2021,,17.4–22.8,100,5,8.8,401–500
53299,2,2020,,10.0–21.7,100,5,11.3,401+
53299,2,2019,,11.2–21.3,100,5,11,401+
53300,2,2023,,20.0–23.6,100,1,33.7,401–500
53300,2,2022,,11.4–18.5,100,1,28.9,501+
53300,2,2021,,17.4–22.8,100,1,30.6,401–500
53300,2,2020,,21.8–25.9,100,1,51.6,301–400
53300,2,2019,,21.5–26.0,100,1,53.2,301–400
53300,2,2023,,20.0–23.6,100,2,33.6,401–500
53300,2,2022,,11.4–18.5,100,2,33.6,501+
53300,2,2021,,17.4–22.8,100,2,35.3,401–500
53300,2,2020,,21.8–25.9,100,2,34.7,301–400
53300,2,2019,,21.5–26.0,100,2,35.3,301–400
53300,2,2023,,20.0–23.6,100,3,57.2,401–500
53300,2,2022,,11.4–18.5,100,3,46.5,501+
53300,2,2021,,17.4–22.8,100,3,49.1,401–500
53300,2,2020,,21.8–25.9,100,3,59.5,301–400
53300,2,2019,,21.5–26.0,100,3,49.1,301–400
53300,2,2023,,20.0–23.6,100,4,13.5,401–500
53300,2,2022,,11.4–18.5,100,4,13.5,501+
53300,2,2021,,17.4–22.8,100,4,11.1,401–500
53300,2,2020,,21.8–25.9,100,4,10.4,301–400
53300,2,2019,,21.5–26.0,100,4,13,301–400
53300,2,2023,,20.0–23.6,100,5,14,401–500
53300,2,2022,,11.4–18.5,100,5,12.2,501+
53300,2,2021,,17.4–22.8,100,5,16.8,401–500
53300,2,2020,,21.8–25.9,100,5,17.9,301–400
53300,2,2019,,21.5–26.0,100,5,17.4,301–400
53304,2,2023,,16.1–19.9,100,1,44,501–600
53304,2,2022,,11.4–18.5,100,1,54.1,501+
53304,2,2023,,16.1–19.9,100,2,33.9,501–600
53304,2,2022,,11.4–18.5,100,2,33.6,501+
53304,2,2023,,16.1–19.9,100,3,57.8,501–600
53304,2,2022,,11.4–18.5,100,3,52.5,501+
53304,2,2023,,16.1–19.9,100,4,6,501–600
53304,2,2022,,11.4–18.5,100,4,4.2,501+
53304,2,2023,,16.1–19.9,100,5,11.5,501–600
53304,2,2022,,11.4–18.5,100,5,10.5,501+
53305,2,2023,,16.1–19.9,100,1,50.5,501–600
53305,2,2022,,11.4–18.5,100,1,49.9,501+
53305,2,2021,,17.4–22.8,100,1,58.8,401–500
53305,2,2020,,10.0–21.7,100,1,55.1,401+
53305,2,2019,,11.2–21.3,100,1,57.5,401+
53305,2,2023,,16.1–19.9,100,2,33.8,501–600
53305,2,2022,,11.4–18.5,100,2,33.7,501+
53305,2,2021,,17.4–22.8,100,2,35.4,401–500
53305,2,2020,,10.0–21.7,100,2,35.2,401+
53305,2,2019,,11.2–21.3,100,2,35.7,401+
53305,2,2023,,16.1–19.9,100,3,62.8,501–600
53305,2,2022,,11.4–18.5,100,3,55.4,501+
53305,2,2021,,17.4–22.8,100,3,56.8,401–500
53305,2,2020,,10.0–21.7,100,3,59.5,401+
53305,2,2019,,11.2–21.3,100,3,59.3,401+
53305,2,2023,,16.1–19.9,100,4,6.8,501–600
53305,2,2022,,11.4–18.5,100,4,5.4,501+
53305,2,2021,,17.4–22.8,100,4,5.6,401–500
53305,2,2020,,10.0–21.7,100,4,6.2,401+
53305,2,2019,,11.2–21.3,100,4,6.5,401+
53305,2,2023,,16.1–19.9,100,5,9.3,501–600
53305,2,2022,,11.4–18.5,100,5,9.8,501+
53305,2,2021,,17.4–22.8,100,5,7.8,401–500
53305,2,2020,,10.0–21.7,100,5,7.1,401+
53305,2,2019,,11.2–21.3,100,5,8.5,401+
53309,2,2023,,16.1–19.9,100,1,47.1,501–600
53309,2,2022,,11.4–18.5,100,1,41.2,501+
53309,2,2021,,17.4–22.8,100,1,56.9,401–500
53309,2,2023,,16.1–19.9,100,2,33.7,501–600
53309,2,2022,,11.4–18.5,100,2,34.6,501+
53309,2,2021,,17.4–22.8,100,2,36.9,401–500
53309,2,2023,,16.1–19.9,100,3,60.3,501–600
53309,2,2022,,11.4–18.5,100,3,54.9,501+
53309,2,2021,,17.4–22.8,100,3,53.5,401–500
53309,2,2023,,16.1–19.9,100,4,7.1,501–600
53309,2,2022,,11.4–18.5,100,4,5.8,501+
53309,2,2021,,17.4–22.8,100,4,5.9,401–500
53309,2,2023,,16.1–19.9,100,5,9.2,501–600
53309,2,2022,,11.4–18.5,100,5,9.5,501+
53309,2,2021,,17.4–22.8,100,5,10,401–500
53310,2,2023,,28.4–31.8,100,1,68.5,251–300
53310,2,2022,,27.7–30.4,100,1,74.9,251–300
53310,2,2021,,27.3–30.4,100,1,79.9,251–300
53310,2,2020,,21.8–25.9,100,1,60.9,301–400
53310,2,2019,,21.5–26.0,100,1,73,301–400
53310,2,2023,,28.4–31.8,100,2,45.5,251–300
53310,2,2022,,27.7–30.4,100,2,34.4,251–300
53310,2,2021,,27.3–30.4,100,2,36,251–300
53310,2,2020,,21.8–25.9,100,2,35.1,301–400
53310,2,2019,,21.5–26.0,100,2,35.6,301–400
53310,2,2023,,28.4–31.8,100,3,53.5,251–300
53310,2,2022,,27.7–30.4,100,3,47.7,251–300
53310,2,2021,,27.3–30.4,100,3,45.5,251–300
53310,2,2020,,21.8–25.9,100,3,39.4,301–400
53310,2,2019,,21.5–26.0,100,3,38.2,301–400
53310,2,2023,,28.4–31.8,100,4,13.8,251–300
53310,2,2022,,27.7–30.4,100,4,14.2,251–300
53310,2,2021,,27.3–30.4,100,4,15.7,251–300
53310,2,2020,,21.8–25.9,100,4,9.7,301–400
53310,2,2019,,21.5–26.0,100,4,9,301–400
53310,2,2023,,28.4–31.8,100,5,20.8,251–300
53310,2,2022,,27.7–30.4,100,5,20.7,251–300
53310,2,2021,,27.3–30.4,100,5,20.9,251–300
53310,2,2020,,21.8–25.9,100,5,15.2,301–400
53310,2,2019,,21.5–26.0,100,5,13.4,301–400
53311,2,2023,,16.1–19.9,100,1,34.1,501–600
53311,2,2022,,18.6–22.8,100,1,32.6,401–500
53311,2,2021,,17.4–22.8,100,1,35,401–500
53311,2,2020,,10.0–21.7,100,1,42.1,401+
53311,2,2019,,11.2–21.3,100,1,49.7,401+
53311,2,2023,,16.1–19.9,100,2,33.6,501–600
53311,2,2022,,18.6–22.8,100,2,33.6,401–500
53311,2,2021,,17.4–22.8,100,2,35.3,401–500
53311,2,2020,,10.0–21.7,100,2,34.7,401+
53311,2,2019,,11.2–21.3,100,2,35.3,401+
53311,2,2023,,16.1–19.9,100,3,42,501–600
53311,2,2022,,18.6–22.8,100,3,40.2,401–500
53311,2,2021,,17.4–22.8,100,3,35,401–500
53311,2,2020,,10.0–21.7,100,3,44.2,401+
53311,2,2019,,11.2–21.3,100,3,45.8,401+
53311,2,2023,,16.1–19.9,100,4,11,501–600
53311,2,2022,,18.6–22.8,100,4,12,401–500
53311,2,2021,,17.4–22.8,100,4,11.8,401–500
53311,2,2020,,10.0–21.7,100,4,9.9,401+
53311,2,2019,,11.2–21.3,100,4,9,401+
53311,2,2023,,16.1–19.9,100,5,13.8,501–600
53311,2,2022,,18.6–22.8,100,5,15.6,401–500
53311,2,2021,,17.4–22.8,100,5,15.5,401–500
53311,2,2020,,10.0–21.7,100,5,9.8,401+
53311,2,2019,,11.2–21.3,100,5,12.3,401+
53312,2,2023,,16.1–19.9,100,1,40.3,501–600
53312,2,2022,,11.4–18.5,100,1,40,501+
53312,2,2021,,9.0–17.3,100,1,37.2,501+
53312,2,2020,,10.0–21.7,100,1,38.4,401+
53312,2,2023,,16.1–19.9,100,2,34.3,501–600
53312,2,2022,,11.4–18.5,100,2,35.3,501+
53312,2,2021,,9.0–17.3,100,2,35.8,501+
53312,2,2020,,10.0–21.7,100,2,35.5,401+
53312,2,2023,,16.1–19.9,100,3,37.4,501–600
53312,2,2022,,11.4–18.5,100,3,38.4,501+
53312,2,2021,,9.0–17.3,100,3,33.8,501+
53312,2,2020,,10.0–21.7,100,3,38,401+
53312,2,2023,,16.1–19.9,100,4,8.5,501–600
53312,2,2022,,11.4–18.5,100,4,6.7,501+
53312,2,2021,,9.0–17.3,100,4,6.3,501+
53312,2,2020,,10.0–21.7,100,4,5.7,401+
53312,2,2023,,16.1–19.9,100,5,13.3,501–600
53312,2,2022,,11.4–18.5,100,5,9.4,501+
53312,2,2021,,9.0–17.3,100,5,10.4,501+
53312,2,2020,,10.0–21.7,100,5,9.1,401+
53314,2,2023,,20.0–23.6,100,1,55.3,401–500
53314,2,2022,,18.6–22.8,100,1,55.6,401–500
53314,2,2021,,17.4–22.8,100,1,56.8,401–500
53314,2,2020,,10.0–21.7,100,1,49.5,401+
53314,2,2019,,11.2–21.3,100,1,56.8,401+
53314,2,2023,,20.0–23.6,100,2,35.3,401–500
53314,2,2022,,18.6–22.8,100,2,35.1,401–500
53314,2,2021,,17.4–22.8,100,2,36.5,401–500
53314,2,2020,,10.0–21.7,100,2,35.6,401+
53314,2,2019,,11.2–21.3,100,2,35.7,401+
53314,2,2023,,20.0–23.6,100,3,85.5,401–500
53314,2,2022,,18.6–22.8,100,3,80.7,401–500
53314,2,2021,,17.4–22.8,100,3,75.6,401–500
53314,2,2020,,10.0–21.7,100,3,73.1,401+
53314,2,2019,,11.2–21.3,100,3,67,401+
53314,2,2023,,20.0–23.6,100,4,9.1,401–500
53314,2,2022,,18.6–22.8,100,4,6,401–500
53314,2,2021,,17.4–22.8,100,4,6,401–500
53314,2,2020,,10.0–21.7,100,4,5.9,401+
53314,2,2019,,11.2–21.3,100,4,6,401+
53314,2,2023,,20.0–23.6,100,5,11.7,401–500
53314,2,2022,,18.6–22.8,100,5,10.1,401–500
53314,2,2021,,17.4–22.8,100,5,9.8,401–500
53314,2,2020,,10.0–21.7,100,5,9.8,401+
53314,2,2019,,11.2–21.3,100,5,7.9,401+
53315,2,2023,,16.1–19.9,100,1,46.5,501–600
53315,2,2022,,11.4–18.5,100,1,45.3,501+
53315,2,2021,,17.4–22.8,100,1,59.1,401–500
53315,2,2020,,10.0–21.7,100,1,61.3,401+
53315,2,2019,,11.2–21.3,100,1,61.4,401+
53315,2,2023,,16.1–19.9,100,2,36.5,501–600
53315,2,2022,,11.4–18.5,100,2,38.1,501+
53315,2,2021,,17.4–22.8,100,2,37.6,401–500
53315,2,2020,,10.0–21.7,100,2,36.8,401+
53315,2,2019,,11.2–21.3,100,2,37.7,401+
53315,2,2023,,16.1–19.9,100,3,48.1,501–600
53315,2,2022,,11.4–18.5,100,3,46.7,501+
53315,2,2021,,17.4–22.8,100,3,46.2,401–500
53315,2,2020,,10.0–21.7,100,3,43.1,401+
53315,2,2019,,11.2–21.3,100,3,49.2,401+
53315,2,2023,,16.1–19.9,100,4,6.9,501–600
53315,2,2022,,11.4–18.5,100,4,5.6,501+
53315,2,2021,,17.4–22.8,100,4,5.6,401–500
53315,2,2020,,10.0–21.7,100,4,5.6,401+
53315,2,2019,,11.2–21.3,100,4,6.2,401+
53315,2,2023,,16.1–19.9,100,5,11.6,501–600
53315,2,2022,,11.4–18.5,100,5,9.6,501+
53315,2,2021,,17.4–22.8,100,5,9.5,401–500
53315,2,2020,,10.0–21.7,100,5,8.5,401+
53315,2,2019,,11.2–21.3,100,5,9.6,401+
53317,2,2023,,23.7–28.3,100,1,100,301–400
53317,2,2022,,22.9–27.6,100,1,100,301–400
53317,2,2021,,22.9–27.2,100,1,100,301–400
53317,2,2020,,10.0–21.7,100,1,64.3,401+
53317,2,2019,,11.2–21.3,100,1,68.6,401+
53317,2,2023,,23.7–28.3,100,2,34.6,301–400
53317,2,2022,,22.9–27.6,100,2,34.5,301–400
53317,2,2021,,22.9–27.2,100,2,36.4,301–400
53317,2,2020,,10.0–21.7,100,2,37.1,401+
53317,2,2019,,11.2–21.3,100,2,35.9,401+
53317,2,2023,,23.7–28.3,100,3,51.4,301–400
53317,2,2022,,22.9–27.6,100,3,53.5,301–400
53317,2,2021,,22.9–27.2,100,3,54.5,301–400
53317,2,2020,,10.0–21.7,100,3,56.4,401+
53317,2,2019,,11.2–21.3,100,3,49.8,401+
53317,2,2023,,23.7–28.3,100,4,6.4,301–400
53317,2,2022,,22.9–27.6,100,4,4.8,301–400
53317,2,2021,,22.9–27.2,100,4,5.3,301–400
53317,2,2020,,10.0–21.7,100,4,7,401+
53317,2,2019,,11.2–21.3,100,4,7.5,401+
53317,2,2023,,23.7–28.3,100,5,11.7,301–400
53317,2,2022,,22.9–27.6,100,5,8,301–400
53317,2,2021,,22.9–27.2,100,5,8,301–400
53317,2,2020,,10.0–21.7,100,5,9.4,401+
53317,2,2019,,11.2–21.3,100,5,8.9,401+
53318,2,2023,,23.7–28.3,100,1,37.2,301–400
53318,2,2022,,11.4–18.5,100,1,42.7,501+
53318,2,2021,,17.4–22.8,100,1,44.8,401–500
53318,2,2020,,21.8–25.9,100,1,51.2,301–400
53318,2,2019,,21.5–26.0,100,1,54.2,301–400
53318,2,2023,,23.7–28.3,100,2,34,301–400
53318,2,2022,,11.4–18.5,100,2,33.7,501+
53318,2,2021,,17.4–22.8,100,2,35.6,401–500
53318,2,2020,,21.8–25.9,100,2,36.6,301–400
53318,2,2019,,21.5–26.0,100,2,36.4,301–400
53318,2,2023,,23.7–28.3,100,3,66.4,301–400
53318,2,2022,,11.4–18.5,100,3,63.6,501+
53318,2,2021,,17.4–22.8,100,3,64.1,401–500
53318,2,2020,,21.8–25.9,100,3,68.3,301–400
53318,2,2019,,21.5–26.0,100,3,66.4,301–400
53318,2,2023,,23.7–28.3,100,4,13.9,301–400
53318,2,2022,,11.4–18.5,100,4,6.7,501+
53318,2,2021,,17.4–22.8,100,4,7.6,401–500
53318,2,2020,,21.8–25.9,100,4,8.6,301–400
53318,2,2019,,21.5–26.0,100,4,11,301–400
53318,2,2023,,23.7–28.3,100,5,22.2,301–400
53318,2,2022,,11.4–18.5,100,5,9.7,501+
53318,2,2021,,17.4–22.8,100,5,12.5,401–500
53318,2,2020,,21.8–25.9,100,5,14.5,301–400
53318,2,2019,,21.5–26.0,100,5,13.3,301–400
53319,2,2023,,20.0–23.6,100,1,65.9,401–500
53319,2,2022,,11.4–18.5,100,1,26.3,501+
53319,2,2023,,20.0–23.6,100,2,38.6,401–500
53319,2,2022,,11.4–18.5,100,2,37.1,501+
53319,2,2023,,20.0–23.6,100,3,61.7,401–500
53319,2,2022,,11.4–18.5,100,3,52.1,501+
53319,2,2023,,20.0–23.6,100,4,6.6,401–500
53319,2,2022,,11.4–18.5,100,4,5.8,501+
53319,2,2023,,20.0–23.6,100,5,9.5,401–500
53319,2,2022,,11.4–18.5,100,5,10.8,501+
31153,3,2021,11,89.1,100,1,89.6,
31153,3,2021,11,89.1,100,2,76.7,
31153,3,2021,11,89.1,100,4,91.1,
31153,3,2021,11,89.1,100,5,92.8,
31153,3,2022,9,88.7,100,1,86.1,
31153,3,2022,9,88.7,100,2,79.4,
31153,3,2022,9,88.7,100,3,74.6,
31153,3,2022,9,88.7,100,4,93.9,
31153,3,2022,9,88.7,100,5,92.7,
31165,3,2021,58,78.2,100,1,82.6,
31165,3,2021,58,78.2,100,2,73.2,
31165,3,2021,58,78.2,100,4,78.8,
31165,3,2021,58,78.2,100,5,79.1,
31165,3,2022,54,78.3,100,1,78.2,
31165,3,2022,54,78.3,100,2,73.9,
31165,3,2022,54,78.3,100,3,62.9,
31165,3,2022,54,78.3,100,4,76.5,
31165,3,2022,54,78.3,100,5,81.3,
31252,3,2021,233,66.2,100,1,89.3,
31252,3,2021,233,66.2,100,2,75.4,
31252,3,2021,233,66.2,100,4,36.1,
31252,3,2021,233,66.2,100,5,64.3,
31252,3,2022,223,66.8,100,1,86.3,
31252,3,2022,223,66.8,100,2,79.9,
31252,3,2022,223,66.8,100,3,36.8,
31252,3,2022,223,66.8,100,4,35,
31252,3,2022,223,66.8,100,5,66.4,
31258,3,2021,98,74.4,100,1,86,
31258,3,2021,98,74.4,100,2,60.9,
31258,3,2021,98,74.4,100,4,63.9,
31258,3,2021,98,74.4,100,5,78.7,
31258,3,2022,143,71.2,100,1,78.8,
31258,3,2022,143,71.2,100,2,59.9,
31258,3,2022,143,71.2,100,3,9,
31258,3,2022,143,71.2,100,4,62.1,
31258,3,2022,143,71.2,100,5,80.3,
32658,3,2021,287,64.1,100,1,82,
32658,3,2021,287,64.1,100,2,54.5,
32658,3,2021,287,64.1,100,4,52.9,
32658,3,2021,287,64.1,100,5,66.2,
32658,3,2022,227,66.7,100,1,75.2,
32658,3,2022,227,66.7,100,2,61,
32658,3,2022,227,66.7,100,3,45.9,
32658,3,2022,227,66.7,100,4,62.1,
32658,3,2022,227,66.7,100,5,69.9,
32663,3,2021,,,100,1,89.5,401-450
32663,3,2021,,,100,2,50.6,401-450
32663,3,2021,,,100,4,63.9,401-450
32663,3,2021,,,100,5,57.3,401-450
32663,3,2022,,,100,1,81.6,451-500
32663,3,2022,,,100,2,51.1,451-500
32663,3,2022,,,100,3,22.1,451-500
32663,3,2022,,,100,4,66.3,451-500
32663,3,2022,,,100,5,59.2,451-500
32664,3,2021,93,74.6,100,1,89.2,
32664,3,2021,93,74.6,100,2,68.2,
32664,3,2021,93,74.6,100,4,81.6,
32664,3,2021,93,74.6,100,5,73.1,
32664,3,2022,106,73.7,100,1,81.2,
32664,3,2022,106,73.7,100,2,68.1,
32664,3,2022,106,73.7,100,3,48.3,
32664,3,2022,106,73.7,100,4,79.3,
32664,3,2022,106,73.7,100,5,76,
32665,3,2021,12,87.9,100,1,90.2,
32665,3,2021,12,87.9,100,2,76.8,
32665,3,2021,12,87.9,100,4,91.1,
32665,3,2021,12,87.9,100,5,90.6,
32665,3,2022,11,88.3,100,1,83.5,
32665,3,2022,11,88.3,100,2,80.4,
32665,3,2022,11,88.3,100,3,96.4,
32665,3,2022,11,88.3,100,4,84.2,
32665,3,2022,11,88.3,100,5,91.3,
32666,3,2021,278,64.5,100,1,86.3,
32666,3,2021,278,64.5,100,2,47.7,
32666,3,2021,278,64.5,100,4,72.2,
32666,3,2021,278,64.5,100,5,65.1,
32666,3,2022,274,65.2,100,1,76.5,
32666,3,2022,274,65.2,100,2,58.9,
32666,3,2022,274,65.2,100,3,31.4,
32666,3,2022,274,65.2,100,4,70.1,
32666,3,2022,274,65.2,100,5,68.1,
32667,3,2021,71,77,100,1,86.3,
32667,3,2021,71,77,100,2,68.6,
32667,3,2021,71,77,100,4,78.8,
32667,3,2021,71,77,100,5,78,
32667,3,2022,72,76.3,100,1,80.3,
32667,3,2022,72,76.3,100,2,70.9,
32667,3,2022,72,76.3,100,3,40.2,
32667,3,2022,72,76.3,100,4,76.5,
32667,3,2022,72,76.3,100,5,80.5,
32668,3,2021,,,100,1,74.8,451-500
32668,3,2021,,,100,2,59.6,451-500
32668,3,2021,,,100,4,58.9,451-500
32668,3,2021,,,100,5,54.8,451-500
32669,3,2021,333,62.2,100,1,85.9,
32669,3,2021,333,62.2,100,2,47.6,
32669,3,2021,333,62.2,100,4,63.9,
32669,3,2021,333,62.2,100,5,62.9,
32669,3,2022,267,65.4,100,1,81.9,
32669,3,2022,267,65.4,100,2,52.2,
32669,3,2022,267,65.4,100,3,49.1,
32669,3,2022,267,65.4,100,4,70.1,
32669,3,2022,267,65.4,100,5,68.5,
32670,3,2021,72,76.6,100,1,83.9,
32670,3,2021,72,76.6,100,2,66.1,
32670,3,2021,72,76.6,100,4,81.6,
32670,3,2021,72,76.6,100,5,78,
32670,3,2022,66,76.7,100,1,77.5,
32670,3,2022,66,76.7,100,2,67.3,
32670,3,2022,66,76.7,100,3,51.9,
32670,3,2022,66,76.7,100,4,79.3,
32670,3,2022,66,76.7,100,5,81.4,
32671,3,2021,195,68,100,1,84.1,
32671,3,2021,195,68,100,2,57.9,
32671,3,2021,195,68,100,4,72.2,
32671,3,2021,195,68,100,5,68,
32671,3,2022,280,65.1,100,1,77.5,
32671,3,2022,280,65.1,100,2,52.6,
32671,3,2022,280,65.1,100,3,28.5,
32671,3,2022,280,65.1,100,4,70.1,
32671,3,2022,280,65.1,100,5,70.1,
32672,3,2021,258,65.3,100,1,85.2,
32672,3,2021,258,65.3,100,2,54.2,
32672,3,2021,258,65.3,100,4,68.3,
32672,3,2021,258,65.3,100,5,65.1,
32672,3,2022,236,66.3,100,1,79.3,
32672,3,2022,236,66.3,100,2,59.3,
32672,3,2022,236,66.3,100,3,49.6,
32672,3,2022,236,66.3,100,4,70.1,
32672,3,2022,236,66.3,100,5,68,
32674,3,2021,137,72,100,1,88.8,
32674,3,2021,137,72,100,2,68.1,
32674,3,2021,137,72,100,4,78.8,
32674,3,2021,137,72,100,5,69.4,
32674,3,2022,116,72.9,100,1,81.8,
32674,3,2022,116,72.9,100,2,71.3,
32674,3,2022,116,72.9,100,3,70.1,
32674,3,2022,116,72.9,100,4,79.3,
32674,3,2022,116,72.9,100,5,71.8,
32676,3,2021,,,100,1,79.4,401-450
32676,3,2021,,,100,2,60.2,401-450
32676,3,2021,,,100,4,63.9,401-450
32676,3,2021,,,100,5,54.4,401-450
32676,3,2022,,,100,1,78.6,401-450
32676,3,2022,,,100,2,59.3,401-450
32676,3,2022,,,100,3,30.1,401-450
32676,3,2022,,,100,4,62.1,401-450
32676,3,2022,,,100,5,59.6,401-450
32677,3,2021,355,61.5,100,1,88.7,
32677,3,2021,355,61.5,100,2,60.7,
32677,3,2021,355,61.5,100,4,58.9,
32677,3,2021,355,61.5,100,5,57.7,
32677,3,2022,388,61.1,100,1,81.2,
32677,3,2022,388,61.1,100,2,60.2,
32677,3,2022,388,61.1,100,3,30.2,
32677,3,2022,388,61.1,100,4,62.1,
32677,3,2022,388,61.1,100,5,61.3,
32678,3,2021,166,70,100,1,50.2,
32678,3,2021,166,70,100,2,61.8,
32678,3,2021,166,70,100,4,36.1,
32678,3,2021,166,70,100,5,81.7,
32678,3,2022,161,70,100,1,60.7,
32678,3,2022,161,70,100,2,68.1,
32678,3,2022,161,70,100,3,-,
32678,3,2022,161,70,100,4,35,
32678,3,2022,161,70,100,5,82,
32687,3,2021,30,83.4,100,1,86,
32687,3,2021,30,83.4,100,2,74,
32687,3,2021,30,83.4,100,4,81.6,
32687,3,2021,30,83.4,100,5,86.4,
32687,3,2022,27,83.6,100,1,78.7,
32687,3,2022,27,83.6,100,2,78,
32687,3,2022,27,83.6,100,3,72.4,
32687,3,2022,27,83.6,100,4,79.3,
32687,3,2022,27,83.6,100,5,87.5,
32688,3,2021,82,75.6,100,1,82.1,
32688,3,2021,82,75.6,100,2,68.9,
32688,3,2021,82,75.6,100,4,68.3,
32688,3,2021,82,75.6,100,5,78,
32688,3,2022,82,75.1,100,1,79,
32688,3,2022,82,75.1,100,2,69.4,
32688,3,2022,82,75.1,100,3,41.8,
32688,3,2022,82,75.1,100,4,73.4,
32688,3,2022,82,75.1,100,5,79.5,
32732,3,2021,391,60.2,100,1,79.2,
32732,3,2021,391,60.2,100,2,60.8,
32732,3,2021,391,60.2,100,4,52.9,
32732,3,2021,391,60.2,100,5,58.1,
32732,3,2022,338,62.6,100,1,79,
32732,3,2022,338,62.6,100,2,64.1,
32732,3,2022,338,62.6,100,3,36.1,
32732,3,2022,338,62.6,100,4,51.3,
32732,3,2022,338,62.6,100,5,63.7,
32733,3,2021,59,78.1,100,1,77.8,
32733,3,2021,59,78.1,100,2,69.8,
32733,3,2021,59,78.1,100,4,63.9,
32733,3,2021,59,78.1,100,5,83.3,
32733,3,2022,46,79.5,100,1,71.7,
32733,3,2022,46,79.5,100,2,76.4,
32733,3,2022,46,79.5,100,3,49.8,
32733,3,2022,46,79.5,100,4,66.3,
32733,3,2022,46,79.5,100,5,85.7,
33549,3,2021,3,97.3,100,1,86.7,
33549,3,2021,3,97.3,100,2,95.8,
33549,3,2021,3,97.3,100,4,94.9,
33549,3,2021,3,97.3,100,5,99.9,
33549,3,2022,2,97.9,100,1,82.8,
33549,3,2022,2,97.9,100,2,97.7,
33549,3,2022,2,97.9,100,3,100,
33549,3,2022,2,97.9,100,4,97.1,
33549,3,2022,2,97.9,100,5,99.8,
33550,3,2021,45,79.8,100,1,88.4,
33550,3,2021,45,79.8,100,2,75.3,
33550,3,2021,45,79.8,100,4,78.8,
33550,3,2021,45,79.8,100,5,80,
33550,3,2022,45,79.8,100,1,81,
33550,3,2022,45,79.8,100,2,81.1,
33550,3,2022,45,79.8,100,3,53,
33550,3,2022,45,79.8,100,4,76.5,
33550,3,2022,45,79.8,100,5,81.8,
33850,3,2021,91,74.8,100,1,86.9,
33850,3,2021,91,74.8,100,2,70.5,
33850,3,2021,91,74.8,100,4,78.8,
33850,3,2021,91,74.8,100,5,73.5,
33850,3,2022,99,74,100,1,80.4,
33850,3,2022,99,74,100,2,70.2,
33850,3,2022,99,74,100,3,54.6,
33850,3,2022,99,74,100,4,79.3,
33850,3,2022,99,74,100,5,75.5,
34147,3,2021,239,66,100,1,89.4,
34147,3,2021,239,66,100,2,63.1,
34147,3,2021,239,66,100,4,75.6,
34147,3,2021,239,66,100,5,61.5,
34147,3,2022,208,67.5,100,1,84.3,
34147,3,2022,208,67.5,100,2,63.5,
34147,3,2022,208,67.5,100,3,54.6,
34147,3,2022,208,67.5,100,4,79.3,
34147,3,2022,208,67.5,100,5,66.3,
35314,3,2021,44,80,100,1,94.2,
35314,3,2021,44,80,100,2,59.9,
35314,3,2021,44,80,100,4,68.3,
35314,3,2021,44,80,100,5,86.2,
35314,3,2022,67,76.6,100,1,74.8,
35314,3,2022,67,76.6,100,2,63,
35314,3,2022,67,76.6,100,3,25,
35314,3,2022,67,76.6,100,4,62.1,
35314,3,2022,67,76.6,100,5,87.4,
35315,3,2021,163,70.4,100,1,91.3,
35315,3,2021,163,70.4,100,2,54.3,
35315,3,2021,163,70.4,100,4,78.8,
35315,3,2021,163,70.4,100,5,70.8,
35315,3,2022,164,69.9,100,1,79.4,
35315,3,2022,164,69.9,100,2,57.8,
35315,3,2022,164,69.9,100,3,38.4,
35315,3,2022,164,69.9,100,4,79.3,
35315,3,2022,164,69.9,100,5,74.2,
35316,3,2021,49,79.2,100,1,91.7,
35316,3,2021,49,79.2,100,2,70.8,
35316,3,2021,49,79.2,100,4,78.8,
35316,3,2021,49,79.2,100,5,80,
35316,3,2022,54,78.3,100,1,78.6,
35316,3,2022,54,78.3,100,2,74.4,
35316,3,2022,54,78.3,100,3,56.7,
35316,3,2022,54,78.3,100,4,76.5,
35316,3,2022,54,78.3,100,5,81.6,
35317,3,2021,78,76.2,100,1,88,
35317,3,2021,78,76.2,100,2,64.3,
35317,3,2021,78,76.2,100,4,75.6,
35317,3,2021,78,76.2,100,5,78.3,
35317,3,2022,72,76.3,100,1,80.5,
35317,3,2022,72,76.3,100,2,64,
35317,3,2022,72,76.3,100,3,61,
35317,3,2022,72,76.3,100,4,76.5,
35317,3,2022,72,76.3,100,5,81.1,
36440,3,2021,143,71.6,100,1,87.9,
36440,3,2021,143,71.6,100,2,61.4,
36440,3,2021,143,71.6,100,4,78.8,
36440,3,2021,143,71.6,100,5,71,
36440,3,2022,134,71.6,100,1,81.4,
36440,3,2022,134,71.6,100,2,64.3,
36440,3,2022,134,71.6,100,3,56,
36440,3,2022,134,71.6,100,4,73.4,
36440,3,2022,134,71.6,100,5,73.9,
36441,3,2021,110,73.6,100,1,86,
36441,3,2021,110,73.6,100,2,66.2,
36441,3,2021,110,73.6,100,4,78.8,
36441,3,2021,110,73.6,100,5,73.1,
36441,3,2022,94,74.4,100,1,80.4,
36441,3,2022,94,74.4,100,2,67.8,
36441,3,2022,94,74.4,100,3,56.6,
36441,3,2022,94,74.4,100,4,79.3,
36441,3,2022,94,74.4,100,5,76.7,
36443,3,2021,1,98.6,100,1,93.9,
36443,3,2021,1,98.6,100,2,96.1,
36443,3,2021,1,98.6,100,4,100,
36443,3,2021,1,98.6,100,5,100,
36443,3,2022,1,98,100,1,85.9,
36443,3,2022,1,98,100,2,98.5,
36443,3,2022,1,98,100,3,86.4,
36443,3,2022,1,98,100,4,100,
36443,3,2022,1,98,100,5,100,
36445,3,2021,322,62.7,100,1,86.9,
36445,3,2021,322,62.7,100,2,69,
36445,3,2021,322,62.7,100,4,45.5,
36445,3,2021,322,62.7,100,5,59.4,
36445,3,2022,366,61.7,100,1,80.6,
36445,3,2022,366,61.7,100,2,68.3,
36445,3,2022,366,61.7,100,3,16.9,
36445,3,2022,366,61.7,100,4,44.2,
36445,3,2022,366,61.7,100,5,63,
36446,3,2021,45,79.8,100,1,87.4,
36446,3,2021,45,79.8,100,2,69.6,
36446,3,2021,45,79.8,100,4,68.3,
36446,3,2021,45,79.8,100,5,83.9,
36446,3,2022,41,80.2,100,1,80,
36446,3,2022,41,80.2,100,2,71.6,
36446,3,2022,41,80.2,100,3,57.3,
36446,3,2022,41,80.2,100,4,73.4,
36446,3,2022,41,80.2,100,5,85.9,
36455,3,2021,,,100,1,86.3,401-450
36455,3,2021,,,100,2,53.5,401-450
36455,3,2021,,,100,4,68.3,401-450
36455,3,2021,,,100,5,55.1,401-450
36455,3,2022,,,100,1,81.5,451-500
36455,3,2022,,,100,2,53,451-500
36455,3,2022,,,100,3,34.2,451-500
36455,3,2022,,,100,4,62.1,451-500
36455,3,2022,,,100,5,58.7,451-500
37144,3,2021,16,87.1,100,1,92.8,
37144,3,2021,16,87.1,100,2,85.5,
37144,3,2021,16,87.1,100,4,84.2,
37144,3,2021,16,87.1,100,5,87.2,
37144,3,2022,18,85.1,100,1,84.1,
37144,3,2022,18,85.1,100,2,87.3,
37144,3,2022,18,85.1,100,3,48.4,
37144,3,2022,18,85.1,100,4,81.8,
37144,3,2022,18,85.1,100,5,88,
38534,3,2021,79,75.9,100,1,92.8,
38534,3,2021,79,75.9,100,2,61.5,
38534,3,2021,79,75.9,100,4,81.6,
38534,3,2021,79,75.9,100,5,77,
38534,3,2022,82,75.1,100,1,84.3,
38534,3,2022,82,75.1,100,2,65,
38534,3,2022,82,75.1,100,3,42.1,
38534,3,2022,82,75.1,100,4,81.8,
38534,3,2022,82,75.1,100,5,79.2,
53160,3,2021,261,65.2,100,1,78.9,
53160,3,2021,261,65.2,100,2,59.5,
53160,3,2021,261,65.2,100,4,63.9,
53160,3,2021,261,65.2,100,5,65,
53160,3,2022,288,64.9,100,1,73.8,
53160,3,2022,288,64.9,100,2,65.8,
53160,3,2022,288,64.9,100,3,14.9,
53160,3,2022,288,64.9,100,4,57.1,
53160,3,2022,288,64.9,100,5,68.7,
53162,3,2021,113,73.2,100,1,80.1,
53162,3,2021,113,73.2,100,2,63.4,
53162,3,2021,113,73.2,100,4,72.2,
53162,3,2021,113,73.2,100,5,75.5,
53162,3,2022,92,74.7,100,1,75.3,
53162,3,2022,92,74.7,100,2,71.3,
53162,3,2022,92,74.7,100,3,36.9,
53162,3,2022,92,74.7,100,4,73.4,
53162,3,2022,92,74.7,100,5,79.1,
53163,3,2021,327,62.5,100,1,71.4,
53163,3,2021,327,62.5,100,2,59.8,
53163,3,2021,327,62.5,100,4,45.5,
53163,3,2021,327,62.5,100,5,64.7,
53163,3,2022,271,65.3,100,1,70.6,
53163,3,2022,271,65.3,100,2,66.5,
53163,3,2022,271,65.3,100,3,22.3,
53163,3,2022,271,65.3,100,4,44.2,
53163,3,2022,271,65.3,100,5,70.4,
53168,3,2021,,,100,1,77,401-450
53168,3,2021,,,100,2,60.6,401-450
53168,3,2021,,,100,4,45.5,401-450
53168,3,2021,,,100,5,58.5,401-450
53168,3,2022,356,62.1,100,1,74,
53168,3,2022,356,62.1,100,2,63.5,
53168,3,2022,356,62.1,100,3,25.4,
53168,3,2022,356,62.1,100,4,51.3,
53168,3,2022,356,62.1,100,5,64.6,
53190,3,2021,,,100,1,73.6,451-500
53190,3,2021,,,100,2,55.7,451-500
53190,3,2021,,,100,4,45.5,451-500
53190,3,2021,,,100,5,57.1,451-500
53190,3,2022,,,100,1,70.7,451-500
53190,3,2022,,,100,2,53.2,451-500
53190,3,2022,,,100,3,17.5,451-500
53190,3,2022,,,100,4,51.3,451-500
53190,3,2022,,,100,5,62.1,451-500
53196,3,2021,,,100,1,83.8,401-450
53196,3,2021,,,100,2,56.1,401-450
53196,3,2021,,,100,4,58.9,401-450
53196,3,2021,,,100,5,55.3,401-450
53196,3,2022,,,100,1,77.3,401-450
53196,3,2022,,,100,2,61.3,401-450
53196,3,2022,,,100,3,24.7,401-450
53196,3,2022,,,100,4,51.3,401-450
53196,3,2022,,,100,5,60.7,401-450
53197,3,2021,385,60.3,100,1,91.5,
53197,3,2021,385,60.3,100,2,60,
53197,3,2021,385,60.3,100,4,52.9,
53197,3,2021,385,60.3,100,5,56.4,
53197,3,2022,366,61.7,100,1,87.3,
53197,3,2022,366,61.7,100,2,62.8,
53197,3,2022,366,61.7,100,3,25.6,
53197,3,2022,366,61.7,100,4,51.3,
53197,3,2022,366,61.7,100,5,62.5,
53235,3,2021,350,61.7,100,1,72.4,
53235,3,2021,350,61.7,100,2,60.6,
53235,3,2021,350,61.7,100,4,52.9,
53235,3,2021,350,61.7,100,5,61.8,
53235,3,2022,342,62.5,100,1,67.6,
53235,3,2022,342,62.5,100,2,64.6,
53235,3,2022,342,62.5,100,3,14.9,
53235,3,2022,342,62.5,100,4,57.1,
53235,3,2022,342,62.5,100,5,65.8,
53257,3,2021,234,66.1,100,1,87.9,
53257,3,2021,234,66.1,100,2,63.8,
53257,3,2021,234,66.1,100,4,58.9,
53257,3,2021,234,66.1,100,5,64.4,
53257,3,2022,274,65.2,100,1,79.4,
53257,3,2022,274,65.2,100,2,63.1,
53257,3,2022,274,65.2,100,3,47,
53257,3,2022,274,65.2,100,4,57.1,
53257,3,2022,274,65.2,100,5,66.7,
53258,3,2021,,,100,1,80.5,451-500
53258,3,2021,,,100,2,55.5,451-500
53258,3,2021,,,100,4,58.9,451-500
53258,3,2021,,,100,5,53.6,451-500
53258,3,2022,,,100,1,75.3,401-450
53258,3,2022,,,100,2,60.1,401-450
53258,3,2022,,,100,3,1.3,401-450
53258,3,2022,,,100,4,62.1,401-450
53258,3,2022,,,100,5,61.4,401-450
53270,3,2021,333,62.2,100,1,84.8,
53270,3,2021,333,62.2,100,2,64.2,
53270,3,2021,333,62.2,100,4,58.9,
53270,3,2021,333,62.2,100,5,58.3,
53270,3,2022,360,62,100,1,79.4,
53270,3,2022,360,62,100,2,66.3,
53270,3,2022,360,62,100,3,31.5,
53270,3,2022,360,62,100,4,51.3,
53270,3,2022,360,62,100,5,62.2,
53271,3,2021,42,80.7,100,1,85.9,
53271,3,2021,42,80.7,100,2,68.1,
53271,3,2021,42,80.7,100,4,84.2,
53271,3,2021,42,80.7,100,5,83.5,
53271,3,2022,49,79.4,100,1,77.8,
53271,3,2022,49,79.4,100,2,69.9,
53271,3,2022,49,79.4,100,3,45,
53271,3,2022,49,79.4,100,4,79.3,
53271,3,2022,49,79.4,100,5,85.7,
53276,3,2021,159,70.6,100,1,86,
53276,3,2021,159,70.6,100,2,67.6,
53276,3,2021,159,70.6,100,4,63.9,
53276,3,2021,159,70.6,100,5,70.2,
53276,3,2022,135,71.5,100,1,81.7,
53276,3,2022,135,71.5,100,2,70.6,
53276,3,2022,135,71.5,100,3,50.4,
53276,3,2022,135,71.5,100,4,66.3,
53276,3,2022,135,71.5,100,5,72.9,
53282,3,2021,166,70,100,1,87.4,
53282,3,2021,166,70,100,2,62.2,
53282,3,2021,166,70,100,4,68.3,
53282,3,2021,166,70,100,5,69.9,
53282,3,2022,170,69.4,100,1,80.6,
53282,3,2022,170,69.4,100,2,62.1,
53282,3,2022,170,69.4,100,3,38.7,
53282,3,2022,170,69.4,100,4,66.3,
53282,3,2022,170,69.4,100,5,73.3,
53283,3,2021,145,71.3,100,1,84.1,
53283,3,2021,145,71.3,100,2,70.3,
53283,3,2021,145,71.3,100,4,72.2,
53283,3,2021,145,71.3,100,5,69.3,
53283,3,2022,147,70.9,100,1,78,
53283,3,2022,147,70.9,100,2,72.3,
53283,3,2022,147,70.9,100,3,55.9,
53283,3,2022,147,70.9,100,4,66.3,
53283,3,2022,147,70.9,100,5,71.4,
53285,3,2021,182,69.3,100,1,91.2,
53285,3,2021,182,69.3,100,2,54.6,
53285,3,2021,182,69.3,100,4,78.8,
53285,3,2021,182,69.3,100,5,69,
53285,3,2022,223,66.8,100,1,83.3,
53285,3,2022,223,66.8,100,2,53.4,
53285,3,2022,223,66.8,100,3,27.7,
53285,3,2022,223,66.8,100,4,73.4,
53285,3,2022,223,66.8,100,5,71.6,
53293,3,2021,,,100,1,76.3,451-500
53293,3,2021,,,100,2,58.9,451-500
53293,3,2021,,,100,4,36.1,451-500
53293,3,2021,,,100,5,55.6,451-500
53294,3,2021,228,66.4,100,1,86.2,
53294,3,2021,228,66.4,100,2,34.6,
53294,3,2021,228,66.4,100,4,72.2,
53294,3,2021,228,66.4,100,5,72.7,
53294,3,2022,216,67,100,1,79.1,
53294,3,2022,216,67,100,2,41.6,
53294,3,2022,216,67,100,3,46.8,
53294,3,2022,216,67,100,4,73.4,
53294,3,2022,216,67,100,5,74.9,
53295,3,2021,,,100,1,83.7,451-500
53295,3,2021,,,100,2,47.1,451-500
53295,3,2021,,,100,4,58.9,451-500
53295,3,2021,,,100,5,54.5,451-500
53295,3,2022,326,63.2,100,1,77.4,
53295,3,2022,326,63.2,100,2,58.8,
53295,3,2022,326,63.2,100,3,30.5,
53295,3,2022,326,63.2,100,4,57.1,
53295,3,2022,326,63.2,100,5,66.4,
53296,3,2021,209,67.5,100,1,78.2,
53296,3,2021,209,67.5,100,2,74.1,
53296,3,2021,209,67.5,100,4,58.9,
53296,3,2021,209,67.5,100,5,65,
53296,3,2022,234,66.4,100,1,73.9,
53296,3,2022,234,66.4,100,2,76.4,
53296,3,2022,234,66.4,100,3,10.5,
53296,3,2022,234,66.4,100,4,62.1,
53296,3,2022,234,66.4,100,5,67.4,
53297,3,2021,258,65.3,100,1,86.8,
53297,3,2021,258,65.3,100,2,55.4,
53297,3,2021,258,65.3,100,4,63.9,
53297,3,2021,258,65.3,100,5,65.3,
53297,3,2022,333,62.7,100,1,79.5,
53297,3,2022,333,62.7,100,2,55.1,
53297,3,2022,333,62.7,100,3,27.6,
53297,3,2022,333,62.7,100,4,62.1,
53297,3,2022,333,62.7,100,5,66.2,
53310,3,2021,,,100,1,77.7,401-450
53310,3,2021,,,100,2,61.3,401-450
53310,3,2021,,,100,4,45.5,401-450
53310,3,2021,,,100,5,58,401-450
53310,3,2022,383,61.2,100,1,76.3,
53310,3,2022,383,61.2,100,2,59,
53310,3,2022,383,61.2,100,3,21,
53310,3,2022,383,61.2,100,4,51.3,
53310,3,2022,383,61.2,100,5,64.7,
53318,3,2021,385,60.3,100,1,75,
53318,3,2021,385,60.3,100,2,58.4,
53318,3,2021,385,60.3,100,4,52.9,
53318,3,2021,385,60.3,100,5,59.7,
53318,3,2022,,,100,1,71.3,451-500
53318,3,2022,,,100,2,59.9,451-500
53318,3,2022,,,100,3,6.3,451-500
53318,3,2022,,,100,4,51.3,451-500
53318,3,2022,,,100,5,61.8,451-500